"Name","Level","IconSWF","IconExportName","TID","InfoTID","Deprecated","AllowedCharacters","Rarity","Claimable","DiamondValue","RequiredBlacksmithLevel","RequiredCharacterLevel","UpgradeResources","UpgradeCosts","MainAbilities","MainAbilityLevels","ExtraAbilities","ExtraAbilityLevels","Speed","HitPoints","AttackRange","AttackSpeedPercentage","DPS","PreviewScenario","HealOnActivation","StrengthWeight","StatBars"
"String","int","String","String","String","String","boolean","String","String","boolean","int","int","int","String","String","String","String","String","String","int","int","int","int","int","String","int","int","String"
"Barbarian Puppet",1,"sc/ui.sc","icon_gear_BK_BarbDoll","TID_GEAR_TITLE_BARBARIAN_CROWN","TID_GEAR_INFO_BARBARIAN_CROWN",,"Barbarian King;","COMMON",,,1,1,"CommonOre","120","BarbarianKingSpawnBarbarians","1",,,,309,,,,"GearBarbarianCrown",110,100,
,2,,,,,,,,,,1,,"CommonOre; RareOre","240;20",,"1",,,,385,,,,,165,200,
,3,,,,,,,,,,1,,"CommonOre","400",,"2",,,,467,,,,,220,300,
,4,,,,,,,,,,1,,"CommonOre","600",,"2",,,,564,,,,,275,400,
,5,,,,,,,,,,1,,"CommonOre; RareOre","840;100",,"2",,,,649,,,,,330,500,
,6,,,,,,,,,,1,,"CommonOre","1120",,"3",,,,734,,,,,385,600,
,7,,,,,,,,,,1,,"CommonOre","1440",,"3",,,,836,,,,,440,700,
,8,,,,,,,,,,1,,"CommonOre; RareOre","1800;200",,"3",,,,940,,,,,495,800,
,9,,,,,,,,,,1,,"CommonOre","1900",,"4",,,,1045,,,,,572,900,
,10,,,,,,,,,,3,,"CommonOre","2000",,"4",,,,1155,,,,,660,1000,
,11,,,,,,,,,,3,,"CommonOre; RareOre","2100;400",,"4",,,,1265,,,,,748,1100,
,12,,,,,,,,,,3,,"CommonOre","2200",,"5",,,,1445,,,,,847,1200,
,13,,,,,,,,,,5,,"CommonOre","2300",,"5",,,,1755,,,,,946,1300,
,14,,,,,,,,,,5,,"CommonOre; RareOre","2400;600",,"5",,,,2087,,,,,1034,1400,
,15,,,,,,,,,,5,,"CommonOre","2500",,"6",,,,2444,,,,,1166,1900,
,16,,,,,,,,,,7,,"CommonOre","2600",,"6",,,,2703,,,,,1243,2000,
,17,,,,,,,,,,7,,"CommonOre; RareOre","2700;600",,"6",,,,3093,,,,,1320,2100,
,18,,,,,,,,,,7,,,,,"7",,,,3366,,,,,1386,2600,
"Rage Vial",1,"sc/ui.sc","icon_gear_BK_RageVial","TID_GEAR_TITLE_IRON_FIST","TID_GEAR_INFO_IRON_FIST",,"Barbarian King;","COMMON",,,1,1,"CommonOre","120","BarbarianKingRage","1",,,,,,,17,"GearFist",150,100,
,2,,,,,,,,,,1,,"CommonOre; RareOre","240;20",,"1",,,,,,,22,,225,200,
,3,,,,,,,,,,1,,"CommonOre","400",,"2",,,,,,,27,,300,300,
,4,,,,,,,,,,1,,"CommonOre","600",,"2",,,,,,,32,,375,400,
,5,,,,,,,,,,1,,"CommonOre; RareOre","840;100",,"2",,,,,,,37,,450,500,
,6,,,,,,,,,,1,,"CommonOre","1120",,"3",,,,,,,42,,525,600,
,7,,,,,,,,,,1,,"CommonOre","1440",,"3",,,,,,,48,,600,700,
,8,,,,,,,,,,1,,"CommonOre; RareOre","1800;200",,"3",,,,,,,54,,675,800,
,9,,,,,,,,,,1,,"CommonOre","1900",,"4",,,,,,,60,,780,900,
,10,,,,,,,,,,3,,"CommonOre","2000",,"4",,,,,,,66,,900,1000,
,11,,,,,,,,,,3,,"CommonOre; RareOre","2100;400",,"4",,,,,,,72,,1020,1100,
,12,,,,,,,,,,3,,"CommonOre","2200",,"5",,,,,,,79,,1155,1200,
,13,,,,,,,,,,5,,"CommonOre","2300",,"5",,,,,,,86,,1290,1300,
,14,,,,,,,,,,5,,"CommonOre; RareOre","2400;600",,"5",,,,,,,94,,1410,1400,
,15,,,,,,,,,,5,,"CommonOre","2500",,"6",,,,,,,104,,1590,1900,
,16,,,,,,,,,,7,,"CommonOre","2600",,"6",,,,,,,112,,1695,2000,
,17,,,,,,,,,,7,,"CommonOre; RareOre","2700;600",,"6",,,,,,,120,,1800,2100,
,18,,,,,,,,,,7,,,,,"7",,,,,,,128,,1890,2600,
"Archer Puppet",1,"sc/ui.sc","icon_gear_AQ_ArcherDoll","TID_GEAR_TITLE_ARCHER_CROWN","TID_GEAR_INFO_ARCHER_CROWN",,"Archer Queen;","COMMON",,,1,1,"CommonOre","120","ArcherQueenSpawnArchers","1",,,,,,,28,"GearArcherCrown",176,100,
,2,,,,,,,,,,1,,"CommonOre; RareOre","240;20",,"1",,,,,,,37,,193,200,
,3,,,,,,,,,,1,,"CommonOre","400",,"2",,,,,,,46,,209,300,
,4,,,,,,,,,,1,,"CommonOre","600",,"2",,,,,,,54,,226,400,
,5,,,,,,,,,,1,,"CommonOre; RareOre","840;100",,"2",,,,,,,61,,242,500,
,6,,,,,,,,,,1,,"CommonOre","1120",,"3",,,,,,,68,,259,600,
,7,,,,,,,,,,1,,"CommonOre","1440",,"3",,,,,,,78,,275,700,
,8,,,,,,,,,,1,,"CommonOre; RareOre","1800;200",,"3",,,,,,,88,,292,800,
,9,,,,,,,,,,1,,"CommonOre","1900",,"4",,,,,,,99,,308,900,
,10,,,,,,,,,,3,,"CommonOre","2000",,"4",,,,,,,110,,323,1000,
,11,,,,,,,,,,3,,"CommonOre; RareOre","2100;400",,"4",,,,,,,120,,341,1100,
,12,,,,,,,,,,3,,"CommonOre","2200",,"5",,,,,,,127,,358,1200,
,13,,,,,,,,,,5,,"CommonOre","2300",,"5",,,,,,,134,,374,1300,
,14,,,,,,,,,,5,,"CommonOre; RareOre","2400;600",,"5",,,,,,,140,,396,1400,
,15,,,,,,,,,,5,,"CommonOre","2500",,"6",,,,,,,145,,418,1900,
,16,,,,,,,,,,7,,"CommonOre","2600",,"6",,,,,,,150,,440,2000,
,17,,,,,,,,,,7,,"CommonOre; RareOre","2700;600",,"6",,,,,,,154,,462,2100,
,18,,,,,,,,,,7,,,,,"7",,,,,,,159,,484,2600,
"Invisibility Vial",1,"sc/ui.sc","icon_gear_AQ_InvisVial","TID_GEAR_TITLE_ROYAL_CLOAK","TID_GEAR_INFO_ROYAL_CLOAK",,"Archer Queen;","COMMON",,,1,1,"CommonOre","120","ArcherQueenInvisibility","1",,,,80,,,,"GearRoyalCloak",,100,
,2,,,,,,,,,,1,,"CommonOre; RareOre","240;20",,"2",,,,100,,,,,,200,
,3,,,,,,,,,,1,,"CommonOre","400",,"3",,,,120,,,,,,300,
,4,,,,,,,,,,1,,"CommonOre","600",,"4",,,,140,,,,,,400,
,5,,,,,,,,,,1,,"CommonOre; RareOre","840;100",,"5",,,,170,,,,,,500,
,6,,,,,,,,,,1,,"CommonOre","1120",,"6",,,,200,,,,,,600,
,7,,,,,,,,,,1,,"CommonOre","1440",,"7",,,,250,,,,,,700,
,8,,,,,,,,,,1,,"CommonOre; RareOre","1800;200",,"8",,,,300,,,,,,800,
,9,,,,,,,,,,1,,"CommonOre","1900",,"9",,,,340,,,,,,900,
,10,,,,,,,,,,3,,"CommonOre","2000",,"10",,,,380,,,,,,1000,
,11,,,,,,,,,,3,,"CommonOre; RareOre","2100;400",,"11",,,,420,,,,,,1100,
,12,,,,,,,,,,3,,"CommonOre","2200",,"12",,,,460,,,,,,1200,
,13,,,,,,,,,,5,,"CommonOre","2300",,"13",,,,500,,,,,,1300,
,14,,,,,,,,,,5,,"CommonOre; RareOre","2400;600",,"14",,,,540,,,,,,1400,
,15,,,,,,,,,,5,,"CommonOre","2500",,"15",,,,580,,,,,,1900,
,16,,,,,,,,,,7,,"CommonOre","2600",,"16",,,,620,,,,,,2000,
,17,,,,,,,,,,7,,"CommonOre; RareOre","2700;600",,"17",,,,660,,,,,,2100,
,18,,,,,,,,,,7,,,,,"18",,,,700,,,,,,2600,
"Eternal Tome",1,"sc/ui.sc","icon_gear_GW_EternalTome","TID_GEAR_TITLE_ETERNAL_TOME","TID_GEAR_INFO_ETERNAL_TOME",,"Grand Warden;","COMMON",,,1,1,"CommonOre","120","GrandWardenInvulnerability","1",,,,,,,,"GearEternalTome",,100,
,2,,,,,,,,,,1,,"CommonOre; RareOre","240;20",,"2",,,,,,,,,,200,
,3,,,,,,,,,,1,,"CommonOre","400",,"3",,,,,,,,,,300,
,4,,,,,,,,,,1,,"CommonOre","600",,"4",,,,,,,,,,400,
,5,,,,,,,,,,1,,"CommonOre; RareOre","840;100",,"5",,,,,,,,,,500,
,6,,,,,,,,,,1,,"CommonOre","1120",,"6",,,,,,,,,,600,
,7,,,,,,,,,,1,,"CommonOre","1440",,"7",,,,,,,,,,700,
,8,,,,,,,,,,1,,"CommonOre; RareOre","1800;200",,"8",,,,,,,,,,800,
,9,,,,,,,,,,1,,"CommonOre","1900",,"9",,,,,,,,,,900,
,10,,,,,,,,,,3,,"CommonOre","2000",,"10",,,,,,,,,,1000,
,11,,,,,,,,,,3,,"CommonOre; RareOre","2100;400",,"11",,,,,,,,,,1100,
,12,,,,,,,,,,3,,"CommonOre","2200",,"12",,,,,,,,,,1200,
,13,,,,,,,,,,5,,"CommonOre","2300",,"13",,,,,,,,,,1300,
,14,,,,,,,,,,5,,"CommonOre; RareOre","2400;600",,"14",,,,,,,,,,1400,
,15,,,,,,,,,,5,,"CommonOre","2500",,"15",,,,,,,,,,1900,
,16,,,,,,,,,,7,,"CommonOre","2600",,"16",,,,,,,,,,2000,
,17,,,,,,,,,,7,,"CommonOre; RareOre","2700;600",,"17",,,,,,,,,,2100,
,18,,,,,,,,,,7,,,,,"18",,,,,,,,,,2600,
"Life Gem",1,"sc/ui.sc","icon_gear_GW_HealGem","TID_GEAR_TITLE_LIFE_GEM","TID_GEAR_INFO_LIFE_GEM",,"Grand Warden;","COMMON",,,1,1,"CommonOre","120","GrandWardenLifeAura","1",,,,170,,,11,"GearLifeGem",,100,
,2,,,,,,,,,,1,,"CommonOre; RareOre","240;20",,"1",,,,184,,,13,,,200,
,3,,,,,,,,,,1,,"CommonOre","400",,"2",,,,195,,,16,,,300,
,4,,,,,,,,,,1,,"CommonOre","600",,"2",,,,205,,,19,,,400,
,5,,,,,,,,,,1,,"CommonOre; RareOre","840;100",,"2",,,,217,,,21,,,500,
,6,,,,,,,,,,1,,"CommonOre","1120",,"3",,,,230,,,23,,,600,
,7,,,,,,,,,,1,,"CommonOre","1440",,"3",,,,255,,,25,,,700,
,8,,,,,,,,,,1,,"CommonOre; RareOre","1800;200",,"3",,,,282,,,27,,,800,
,9,,,,,,,,,,1,,"CommonOre","1900",,"4",,,,312,,,32,,,900,
,10,,,,,,,,,,3,,"CommonOre","2000",,"4",,,,344,,,36,,,1000,
,11,,,,,,,,,,3,,"CommonOre; RareOre","2100;400",,"4",,,,381,,,43,,,1100,
,12,,,,,,,,,,3,,"CommonOre","2200",,"5",,,,398,,,47,,,1200,
,13,,,,,,,,,,5,,"CommonOre","2300",,"5",,,,415,,,53,,,1300,
,14,,,,,,,,,,5,,"CommonOre; RareOre","2400;600",,"5",,,,432,,,57,,,1400,
,15,,,,,,,,,,5,,"CommonOre","2500",,"6",,,,449,,,61,,,1900,
,16,,,,,,,,,,7,,"CommonOre","2600",,"6",,,,466,,,66,,,2000,
,17,,,,,,,,,,7,,"CommonOre; RareOre","2700;600",,"6",,,,483,,,70,,,2100,
,18,,,,,,,,,,7,,,,,"7",,,,500,,,75,,,2600,
"Seeking Shield",1,"sc/ui.sc","icon_gear_RC_SeekingShield","TID_GEAR_TITLE_SEEKING_SHIELD","TID_GEAR_INFO_SEEKING_SHIELD",,"Royal Champion;","COMMON",,,1,1,"CommonOre","120","RoyalChampionShieldBounce","1",,,,40,,,,"GearSeekingShield",,100,
,2,,,,,,,,,,1,,"CommonOre; RareOre","240;20",,"1",,,,60,,,,,,200,
,3,,,,,,,,,,1,,"CommonOre","400",,"2",,,,80,,,,,,300,
,4,,,,,,,,,,1,,"CommonOre","600",,"2",,,,100,,,,,,400,
,5,,,,,,,,,,1,,"CommonOre; RareOre","840;100",,"2",,,,120,,,,,,500,
,6,,,,,,,,,,1,,"CommonOre","1120",,"3",,,,140,,,,,,600,
,7,,,,,,,,,,1,,"CommonOre","1440",,"3",,,,160,,,,,,700,
,8,,,,,,,,,,1,,"CommonOre; RareOre","1800;200",,"3",,,,180,,,,,,800,
,9,,,,,,,,,,1,,"CommonOre","1900",,"4",,,,200,,,,,,900,
,10,,,,,,,,,,3,,"CommonOre","2000",,"4",,,,220,,,,,,1000,
,11,,,,,,,,,,3,,"CommonOre; RareOre","2100;400",,"4",,,,240,,,,,,1100,
,12,,,,,,,,,,3,,"CommonOre","2200",,"5",,,,260,,,,,,1200,
,13,,,,,,,,,,5,,"CommonOre","2300",,"5",,,,280,,,,,,1300,
,14,,,,,,,,,,5,,"CommonOre; RareOre","2400;600",,"5",,,,300,,,,,,1400,
,15,,,,,,,,,,5,,"CommonOre","2500",,"6",,,,320,,,,,,1900,
,16,,,,,,,,,,7,,"CommonOre","2600",,"6",,,,340,,,,,,2000,
,17,,,,,,,,,,7,,"CommonOre; RareOre","2700;600",,"6",,,,360,,,,,,2100,
,18,,,,,,,,,,7,,,,,"7",,,,380,,,,,,2600,
"Royal Gem",1,"sc/ui.sc","icon_gear_RC_LifeGem","TID_GEAR_PROTECTIVE_CLOAK","TID_GEAR_INFO_PROTECTIVE_CLOAK",,"Royal Champion;","COMMON",,,1,1,"CommonOre","120","RCProtectiveCloak","1",,,,60,,,35,"GearProtective",,100,
,2,,,,,,,,,,1,,"CommonOre; RareOre","240;20",,"1",,,,90,,,40,,,200,
,3,,,,,,,,,,1,,"CommonOre","400",,"2",,,,120,,,45,,,300,
,4,,,,,,,,,,1,,"CommonOre","600",,"2",,,,150,,,50,,,400,
,5,,,,,,,,,,1,,"CommonOre; RareOre","840;100",,"2",,,,180,,,55,,,500,
,6,,,,,,,,,,1,,"CommonOre","1120",,"3",,,,210,,,60,,,600,
,7,,,,,,,,,,1,,"CommonOre","1440",,"3",,,,240,,,65,,,700,
,8,,,,,,,,,,1,,"CommonOre; RareOre","1800;200",,"3",,,,270,,,70,,,800,
,9,,,,,,,,,,1,,"CommonOre","1900",,"4",,,,300,,,75,,,900,
,10,,,,,,,,,,3,,"CommonOre","2000",,"4",,,,330,,,80,,,1000,
,11,,,,,,,,,,3,,"CommonOre; RareOre","2100;400",,"4",,,,360,,,85,,,1100,
,12,,,,,,,,,,3,,"CommonOre","2200",,"5",,,,390,,,90,,,1200,
,13,,,,,,,,,,5,,"CommonOre","2300",,"5",,,,420,,,95,,,1300,
,14,,,,,,,,,,5,,"CommonOre; RareOre","2400;600",,"5",,,,450,,,100,,,1400,
,15,,,,,,,,,,5,,"CommonOre","2500",,"6",,,,480,,,105,,,1900,
,16,,,,,,,,,,7,,"CommonOre","2600",,"6",,,,510,,,110,,,2000,
,17,,,,,,,,,,7,,"CommonOre; RareOre","2700;600",,"6",,,,540,,,115,,,2100,
,18,,,,,,,,,,7,,,,,"7",,,,570,,,120,,,2600,
"Earthquake Boots",1,"sc/ui.sc","icon_gear_BK_StompBoots","TID_GEAR_EARTHQUAKE_BOOTS","TID_GEAR_INFO_EARTHQUAKE_BOOTS",,"Barbarian King;","COMMON",,,1,1,"CommonOre","120","BarbarianKingEarthquakeBoots","1",,,,209,,,13,"GearEQboots",,100,
,2,,,,,,,,,,1,,"CommonOre; RareOre","240;20",,"1",,,,244,,,15,,,200,
,3,,,,,,,,,,1,,"CommonOre","400",,"2",,,,278,,,17,,,300,
,4,,,,,,,,,,1,,"CommonOre","600",,"2",,,,313,,,19,,,400,
,5,,,,,,,,,,1,,"CommonOre; RareOre","840;100",,"2",,,,348,,,21,,,500,
,6,,,,,,,,,,1,,"CommonOre","1120",,"3",,,,383,,,23,,,600,
,7,,,,,,,,,,1,,"CommonOre","1440",,"3",,,,418,,,26,,,700,
,8,,,,,,,,,,1,,"CommonOre; RareOre","1800;200",,"3",,,,452,,,28,,,800,
,9,,,,,,,,,,1,,"CommonOre","1900",,"4",,,,522,,,32,,,900,
,10,,,,,,,,,,3,,"CommonOre","2000",,"4",,,,677,,,40,,,1000,
,11,,,,,,,,,,3,,"CommonOre; RareOre","2100;400",,"4",,,,831,,,48,,,1100,
,12,,,,,,,,,,3,,"CommonOre","2200",,"5",,,,986,,,55,,,1200,
,13,,,,,,,,,,5,,"CommonOre","2300",,"5",,,,1200,,,63,,,1300,
,14,,,,,,,,,,5,,"CommonOre; RareOre","2400;600",,"5",,,,1500,,,71,,,1400,
,15,,,,,,,,,,5,,"CommonOre","2500",,"6",,,,1800,,,79,,,1900,
,16,,,,,,,,,,7,,"CommonOre","2600",,"6",,,,2100,,,86,,,2000,
,17,,,,,,,,,,7,,"CommonOre; RareOre","2700;600",,"6",,,,2300,,,94,,,2100,
,18,,,,,,,,,,7,,,,,"7",,,,2500,,,102,,,2600,
"Hog Rider Puppet",1,"sc/ui.sc","icon_gear_RC_HogRiderDoll","TID_GEAR_HOG_TOTEM","TID_GEAR_INFO_HOG_TOTEM",,"Royal Champion;","COMMON",,,7,1,"CommonOre","120","RCEquipSpawnHogs","1",,,,60,,,,"GearHogRiderPuppet",180,100,
,2,,,,,,,,,,7,,"CommonOre; RareOre","240;20",,"1",,,,90,,,,,220,200,
,3,,,,,,,,,,7,,"CommonOre","400",,"2",,,,120,,,,,270,300,
,4,,,,,,,,,,7,,"CommonOre","600",,"2",,,,150,,,,,320,400,
,5,,,,,,,,,,7,,"CommonOre; RareOre","840;100",,"2",,,,180,,,,,370,500,
,6,,,,,,,,,,7,,"CommonOre","1120",,"3",,,,210,,,,,420,600,
,7,,,,,,,,,,7,,"CommonOre","1440",,"3",,,,240,,,,,470,700,
,8,,,,,,,,,,7,,"CommonOre; RareOre","1800;200",,"3",,,,270,,,,,520,800,
,9,,,,,,,,,,7,,"CommonOre","1900",,"4",,,,300,,,,,560,900,
,10,,,,,,,,,,7,,"CommonOre","2000",,"4",,,,330,,,,,610,1000,
,11,,,,,,,,,,7,,"CommonOre; RareOre","2100;400",,"4",,,,360,,,,,660,1100,
,12,,,,,,,,,,7,,"CommonOre","2200",,"5",,,,390,,,,,700,1200,
,13,,,,,,,,,,7,,"CommonOre","2300",,"5",,,,420,,,,,750,1300,
,14,,,,,,,,,,7,,"CommonOre; RareOre","2400;600",,"5",,,,450,,,,,800,1400,
,15,,,,,,,,,,7,,"CommonOre","2500",,"6",,,,480,,,,,850,1900,
,16,,,,,,,,,,7,,"CommonOre","2600",,"6",,,,510,,,,,900,2000,
,17,,,,,,,,,,7,,"CommonOre; RareOre","2700;600",,"6",,,,540,,,,,950,2100,
,18,,,,,,,,,,7,,,,,"7",,,,570,,,,,1000,2600,
"Giant Gauntlet",1,"sc/ui.sc","icon_gear_BK_GiantGauntlet","TID_GEAR_GIANT_GAUNTLET","TID_GEAR_INFO_GIANT_GAUNTLET",,"Barbarian King;","EPIC","TRUE",,1,1,"CommonOre","120","BarbarianKingGetsBig","1","Regeneration","1",,,,,17,"GearGauntlet",,100,
,2,,,,,,,,,,1,,"CommonOre; RareOre","240;20",,"1",,"2",,,,,20,,,200,
,3,,,,,,,,,,1,,"CommonOre","400",,"2",,"3",,,,,23,,,300,
,4,,,,,,,,,,1,,"CommonOre","600",,"2",,"4",,,,,26,,,400,
,5,,,,,,,,,,1,,"CommonOre; RareOre","840;100",,"2",,"5",,,,,29,,,500,
,6,,,,,,,,,,1,,"CommonOre","1120",,"3",,"6",,,,,32,,,600,
,7,,,,,,,,,,1,,"CommonOre","1440",,"3",,"7",,,,,34,,,700,
,8,,,,,,,,,,1,,"CommonOre; RareOre; EpicOre","1800;200;10",,"3",,"8",,,,,37,,,800,
,9,,,,,,,,,,1,,"CommonOre","1900",,"4",,"9",,,,,43,,,900,
,10,,,,,,,,,,1,,"CommonOre","2000",,"4",,"10",,,,,53,,,1000,
,11,,,,,,,,,,1,,"CommonOre; RareOre; EpicOre","2100;400;20",,"4",,"11",,,,,63,,,1100,
,12,,,,,,,,,,1,,"CommonOre","2200",,"5",,"12",,,,,74,,,1200,
,13,,,,,,,,,,3,,"CommonOre","2300",,"5",,"13",,,,,84,,,1300,
,14,,,,,,,,,,3,,"CommonOre; RareOre; EpicOre","2400;600;30",,"5",,"14",,,,,94,,,1400,
,15,,,,,,,,,,3,,"CommonOre","2500",,"6",,"15",,,,,104,,,1900,
,16,,,,,,,,,,5,,"CommonOre","2600",,"6",,"16",,,,,115,,,2000,
,17,,,,,,,,,,5,,"CommonOre; RareOre; EpicOre","2700;600;50",,"6",,"17",,,,,125,,,2100,
,18,,,,,,,,,,5,,"CommonOre","2800",,"7",,"18",,,,,135,,,2600,
,19,,,,,,,,,,7,,"CommonOre","2900",,"7",,"19",,,,,137,,,2700,
,20,,,,,,,,,,7,,"CommonOre; RareOre; EpicOre","3000;600;100",,"7",,"20",,,,,140,,,2800,
,21,,,,,,,,,,7,,"CommonOre","3100",,"8",,"21",,,,,142,,,3300,
,22,,,,,,,,,,8,,"CommonOre","3200",,"8",,"22",,,,,145,,,3400,
,23,,,,,,,,,,8,,"CommonOre; RareOre; EpicOre","3300;600;120",,"8",,"23",,,,,147,,,3500,
,24,,,,,,,,,,8,,"CommonOre","3400",,"9",,"24",,,,,150,,,4000,
,25,,,,,,,,,,9,,"CommonOre","3500",,"9",,"25",,,,,152,,,4100,
,26,,,,,,,,,,9,,"CommonOre; RareOre; EpicOre","3600;600;150",,"9",,"26",,,,,155,,,4200,
,27,,,,,,,,,,9,,,,,"10",,"27",,,,,160,,,4700,
"Vampstache",1,"sc/ui.sc","icon_gear_BK_VampStache","TID_GEAR_VAMPSTACHE","TID_GEAR_INFO_VAMPSTACHE",,"Barbarian King;","COMMON",,,3,1,"CommonOre","120","BarbarianKingVampstache","1",,,,,,5,10,"GearVampstache",,100,
,2,,,,,,,,,,3,,"CommonOre; RareOre","240;20",,"1",,,,,,6,15,,,200,
,3,,,,,,,,,,3,,"CommonOre","400",,"2",,,,,,7,20,,,300,
,4,,,,,,,,,,3,,"CommonOre","600",,"2",,,,,,8,25,,,400,
,5,,,,,,,,,,3,,"CommonOre; RareOre","840;100",,"2",,,,,,9,30,,,500,
,6,,,,,,,,,,3,,"CommonOre","1120",,"3",,,,,,10,40,,,600,
,7,,,,,,,,,,3,,"CommonOre","1440",,"3",,,,,,11,45,,,700,
,8,,,,,,,,,,3,,"CommonOre; RareOre","1800;200",,"3",,,,,,12,50,,,800,
,9,,,,,,,,,,3,,"CommonOre","1900",,"4",,,,,,13,60,,,900,
,10,,,,,,,,,,3,,"CommonOre","2000",,"4",,,,,,14,65,,,1000,
,11,,,,,,,,,,3,,"CommonOre; RareOre","2100;400",,"4",,,,,,15,70,,,1100,
,12,,,,,,,,,,3,,"CommonOre","2200",,"5",,,,,,16,80,,,1200,
,13,,,,,,,,,,5,,"CommonOre","2300",,"5",,,,,,17,85,,,1300,
,14,,,,,,,,,,5,,"CommonOre; RareOre","2400;600",,"5",,,,,,18,90,,,1400,
,15,,,,,,,,,,5,,"CommonOre","2500",,"6",,,,,,19,100,,,1900,
,16,,,,,,,,,,7,,"CommonOre","2600",,"6",,,,,,20,105,,,2000,
,17,,,,,,,,,,7,,"CommonOre; RareOre","2700;600",,"6",,,,,,21,110,,,2100,
,18,,,,,,,,,,7,,,,,"7",,,,,,22,120,,,2600,
"Haste Vial",1,"sc/ui.sc","icon_gear_RC_HasteVial","TID_GEAR_TITLE_HASTE_VIAL","TID_GEAR_INFO_HASTE_VIAL",,"Royal Champion;","COMMON",,,8,1,"CommonOre","120","RoyalChampionHaste","1",,,,,,5,20,"GearHasteVial",,100,
,2,,,,,,,,,,8,,"CommonOre; RareOre","240;20",,"1",,,,,,6,24,,,200,
,3,,,,,,,,,,8,,"CommonOre","400",,"2",,,,,,6,28,,,300,
,4,,,,,,,,,,8,,"CommonOre","600",,"2",,,,,,7,32,,,400,
,5,,,,,,,,,,8,,"CommonOre; RareOre","840;100",,"2",,,,,,8,36,,,500,
,6,,,,,,,,,,8,,"CommonOre","1120",,"3",,,,,,8,40,,,600,
,7,,,,,,,,,,8,,"CommonOre","1440",,"3",,,,,,9,44,,,700,
,8,,,,,,,,,,8,,"CommonOre; RareOre","1800;200",,"3",,,,,,10,48,,,800,
,9,,,,,,,,,,8,,"CommonOre","1900",,"4",,,,,,10,52,,,900,
,10,,,,,,,,,,8,,"CommonOre","2000",,"4",,,,,,11,56,,,1000,
,11,,,,,,,,,,8,,"CommonOre; RareOre","2100;400",,"4",,,,,,12,60,,,1100,
,12,,,,,,,,,,8,,"CommonOre","2200",,"5",,,,,,12,64,,,1200,
,13,,,,,,,,,,8,,"CommonOre","2300",,"5",,,,,,13,68,,,1300,
,14,,,,,,,,,,8,,"CommonOre; RareOre","2400;600",,"5",,,,,,14,72,,,1400,
,15,,,,,,,,,,8,,"CommonOre","2500",,"6",,,,,,14,76,,,1900,
,16,,,,,,,,,,8,,"CommonOre","2600",,"6",,,,,,15,80,,,2000,
,17,,,,,,,,,,8,,"CommonOre; RareOre","2700;600",,"6",,,,,,16,84,,,2100,
,18,,,,,,,,,,8,,,,,"7",,,,,,16,88,,,2600,
"Rocket Spear",1,"sc/ui.sc","icon_gear_RC_RocketSpear","TID_GEAR_ROCKET_SPEAR","TID_GEAR_INFO_ROCKET_SPEAR",,"Royal Champion;","EPIC","TRUE",,1,1,"CommonOre","120","RocketSpears","1",,,,50,,,35,"GearRocketSpears",,100,
,2,,,,,,,,,,1,,"CommonOre; RareOre","240;20",,"1",,,,75,,,40,,,200,
,3,,,,,,,,,,1,,"CommonOre","400",,"2",,,,100,,,45,,,300,
,4,,,,,,,,,,1,,"CommonOre","600",,"2",,,,125,,,50,,,400,
,5,,,,,,,,,,1,,"CommonOre; RareOre","840;100",,"2",,,,150,,,55,,,500,
,6,,,,,,,,,,1,,"CommonOre","1120",,"3",,,,175,,,60,,,600,
,7,,,,,,,,,,1,,"CommonOre","1440",,"3",,,,200,,,66,,,700,
,8,,,,,,,,,,1,,"CommonOre; RareOre; EpicOre","1800;200;10",,"3",,,,225,,,72,,,800,
,9,,,,,,,,,,1,,"CommonOre","1900",,"4",,,,250,,,78,,,900,
,10,,,,,,,,,,1,,"CommonOre","2000",,"4",,,,275,,,85,,,1000,
,11,,,,,,,,,,1,,"CommonOre; RareOre; EpicOre","2100;400;20",,"4",,,,300,,,92,,,1100,
,12,,,,,,,,,,1,,"CommonOre","2200",,"5",,,,325,,,99,,,1200,
,13,,,,,,,,,,3,,"CommonOre","2300",,"5",,,,350,,,105,,,1300,
,14,,,,,,,,,,3,,"CommonOre; RareOre; EpicOre","2400;600;30",,"5",,,,375,,,111,,,1400,
,15,,,,,,,,,,3,,"CommonOre","2500",,"6",,,,400,,,117,,,1900,
,16,,,,,,,,,,5,,"CommonOre","2600",,"6",,,,425,,,122,,,2000,
,17,,,,,,,,,,5,,"CommonOre; RareOre; EpicOre","2700;600;50",,"6",,,,450,,,127,,,2100,
,18,,,,,,,,,,5,,"CommonOre","2800",,"7",,,,475,,,132,,,2600,
,19,,,,,,,,,,7,,"CommonOre","2900",,"7",,,,500,,,136,,,2700,
,20,,,,,,,,,,7,,"CommonOre; RareOre; EpicOre","3000;600;100",,"7",,,,525,,,140,,,2800,
,21,,,,,,,,,,7,,"CommonOre","3100",,"8",,,,550,,,144,,,3300,
,22,,,,,,,,,,8,,"CommonOre","3200",,"8",,,,575,,,148,,,3400,
,23,,,,,,,,,,8,,"CommonOre; RareOre; EpicOre","3300;600;120",,"8",,,,600,,,152,,,3500,
,24,,,,,,,,,,8,,"CommonOre","3400",,"9",,,,625,,,156,,,4000,
,25,,,,,,,,,,9,,"CommonOre","3500",,"9",,,,650,,,160,,,4100,
,26,,,,,,,,,,9,,"CommonOre; RareOre; EpicOre","3600;600;150",,"9",,,,675,,,164,,,4200,
,27,,,,,,,,,,9,,,,,"10",,,,700,,,168,,,4700,
"Spiky Ball",1,"sc/ui.sc","icon_gear_BK_Football","TID_GEAR_TITLE_FOOTBALL","TID_GEAR_INFO_FOOTBALL",,"Barbarian King;","EPIC","TRUE",,1,1,"CommonOre","120","FootballBounce","1",,,,365,,,35,"GearFootball",,100,
,2,,,,,,,,,,1,,"CommonOre; RareOre","240;20",,"1",,,,478,,,38,,,200,
,3,,,,,,,,,,1,,"CommonOre","400",,"2",,,,590,,,42,,,300,
,4,,,,,,,,,,1,,"CommonOre","600",,"2",,,,703,,,45,,,400,
,5,,,,,,,,,,1,,"CommonOre; RareOre","840;100",,"2",,,,815,,,49,,,500,
,6,,,,,,,,,,1,,"CommonOre","1120",,"3",,,,928,,,52,,,600,
,7,,,,,,,,,,1,,"CommonOre","1440",,"3",,,,1040,,,55,,,700,
,8,,,,,,,,,,1,,"CommonOre; RareOre; EpicOre","1800;200;10",,"3",,,,1153,,,58,,,800,
,9,,,,,,,,,,1,,"CommonOre","1900",,"4",,,,1265,,,65,,,900,
,10,,,,,,,,,,1,,"CommonOre","2000",,"4",,,,1378,,,76,,,1000,
,11,,,,,,,,,,1,,"CommonOre; RareOre; EpicOre","2100;400;20",,"4",,,,1490,,,88,,,1100,
,12,,,,,,,,,,1,,"CommonOre","2200",,"5",,,,1603,,,101,,,1200,
,13,,,,,,,,,,3,,"CommonOre","2300",,"5",,,,1715,,,112,,,1300,
,14,,,,,,,,,,3,,"CommonOre; RareOre; EpicOre","2400;600;30",,"5",,,,1828,,,124,,,1400,
,15,,,,,,,,,,3,,"CommonOre","2500",,"6",,,,1940,,,135,,,1900,
,16,,,,,,,,,,5,,"CommonOre","2600",,"6",,,,2053,,,148,,,2000,
,17,,,,,,,,,,5,,"CommonOre; RareOre; EpicOre","2700;600;50",,"6",,,,2165,,,159,,,2100,
,18,,,,,,,,,,5,,"CommonOre","2800",,"7",,,,2278,,,171,,,2600,
,19,,,,,,,,,,7,,"CommonOre","2900",,"7",,,,2390,,,176,,,2700,
,20,,,,,,,,,,7,,"CommonOre; RareOre; EpicOre","3000;600;100",,"7",,,,2503,,,182,,,2800,
,21,,,,,,,,,,7,,"CommonOre","3100",,"8",,,,2615,,,188,,,3300,
,22,,,,,,,,,,8,,"CommonOre","3200",,"8",,,,2728,,,194,,,3400,
,23,,,,,,,,,,8,,"CommonOre; RareOre; EpicOre","3300;600;120",,"8",,,,2840,,,199,,,3500,
,24,,,,,,,,,,8,,"CommonOre","3400",,"9",,,,2953,,,205,,,4000,
,25,,,,,,,,,,9,,"CommonOre","3500",,"9",,,,3065,,,211,,,4100,
,26,,,,,,,,,,9,,"CommonOre; RareOre; EpicOre","3600;600;150",,"9",,,,3178,,,217,,,4200,
,27,,,,,,,,,,9,,,,,"10",,,,3290,,,222,,,4700,
"Frozen Arrow",1,"sc/ui.sc","icon_gear_AQ_FreezeArrow","TID_GEAR_FROZEN_ARROW","TID_GEAR_INFO_FROZEN_ARROW",,"Archer Queen;","EPIC","TRUE",,1,1,"CommonOre","120","ArcherQueenAttackFreeze","1",,,,,,,35,"GearFrozenArrow",,100,
,2,,,,,,,,,,1,,"CommonOre; RareOre","240;20",,"2",,,,,,,40,,,200,
,3,,,,,,,,,,1,,"CommonOre","400",,"3",,,,,,,45,,,300,
,4,,,,,,,,,,1,,"CommonOre","600",,"4",,,,,,,50,,,400,
,5,,,,,,,,,,1,,"CommonOre; RareOre","840;100",,"5",,,,,,,55,,,500,
,6,,,,,,,,,,1,,"CommonOre","1120",,"6",,,,,,,60,,,600,
,7,,,,,,,,,,1,,"CommonOre","1440",,"7",,,,,,,66,,,700,
,8,,,,,,,,,,1,,"CommonOre; RareOre; EpicOre","1800;200;10",,"8",,,,,,,72,,,800,
,9,,,,,,,,,,1,,"CommonOre","1900",,"9",,,,,,,78,,,900,
,10,,,,,,,,,,1,,"CommonOre","2000",,"10",,,,,,,85,,,1000,
,11,,,,,,,,,,1,,"CommonOre; RareOre; EpicOre","2100;400;20",,"11",,,,,,,92,,,1100,
,12,,,,,,,,,,1,,"CommonOre","2200",,"12",,,,,,,99,,,1200,
,13,,,,,,,,,,3,,"CommonOre","2300",,"13",,,,,,,105,,,1300,
,14,,,,,,,,,,3,,"CommonOre; RareOre; EpicOre","2400;600;30",,"14",,,,,,,111,,,1400,
,15,,,,,,,,,,3,,"CommonOre","2500",,"15",,,,,,,117,,,1900,
,16,,,,,,,,,,5,,"CommonOre","2600",,"16",,,,,,,122,,,2000,
,17,,,,,,,,,,5,,"CommonOre; RareOre; EpicOre","2700;600;50",,"17",,,,,,,127,,,2100,
,18,,,,,,,,,,5,,"CommonOre","2800",,"18",,,,,,,132,,,2600,
,19,,,,,,,,,,7,,"CommonOre","2900",,"19",,,,,,,136,,,2700,
,20,,,,,,,,,,7,,"CommonOre; RareOre; EpicOre","3000;600;100",,"20",,,,,,,140,,,2800,
,21,,,,,,,,,,7,,"CommonOre","3100",,"21",,,,,,,144,,,3300,
,22,,,,,,,,,,8,,"CommonOre","3200",,"22",,,,,,,148,,,3400,
,23,,,,,,,,,,8,,"CommonOre; RareOre; EpicOre","3300;600;120",,"23",,,,,,,152,,,3500,
,24,,,,,,,,,,8,,"CommonOre","3400",,"24",,,,,,,156,,,4000,
,25,,,,,,,,,,9,,"CommonOre","3500",,"25",,,,,,,160,,,4100,
,26,,,,,,,,,,9,,"CommonOre; RareOre; EpicOre","3600;600;150",,"26",,,,,,,164,,,4200,
,27,,,,,,,,,,9,,,,,"27",,,,,,,168,,,4700,
"Monolith Arrow",1,"sc/ui.sc","icon_gear_AQ_MonolithArrow","TID_GEAR_MONOLITH_ARROW","TID_GEAR_INFO_MONOLITH_ARROW",,"Archer Queen;","EPIC","TRUE",,1,1,"CommonOre","120","ArcherQueenMonolithArrow","1","ArcherQueenMonolithArrowMid;ArcherQueenMonolithArrowMin","1;1",,100,,,,"GearAQMonolithArrow",,100,"IncreasingAdditionalDamagePerTargetHp;HitPoints;ShieldPercent"
,2,,,,,,,,,,1,,"CommonOre; RareOre","240;20",,"1",,"1;1",,140,,,,,,200,
,3,,,,,,,,,,1,,"CommonOre","400",,"2",,"2;2",,180,,,,,,300,
,4,,,,,,,,,,1,,"CommonOre","600",,"2",,"2;2",,220,,,,,,400,
,5,,,,,,,,,,1,,"CommonOre; RareOre","840;100",,"2",,"2;2",,260,,,,,,500,
,6,,,,,,,,,,1,,"CommonOre","1120",,"3",,"3;3",,300,,,,,,600,
,7,,,,,,,,,,1,,"CommonOre","1440",,"3",,"3;3",,340,,,,,,700,
,8,,,,,,,,,,1,,"CommonOre; RareOre; EpicOre","1800;200;10",,"3",,"3;3",,380,,,,,,800,
,9,,,,,,,,,,1,,"CommonOre","1900",,"4",,"4;4",,420,,,,,,900,
,10,,,,,,,,,,1,,"CommonOre","2000",,"4",,"4;4",,460,,,,,,1000,
,11,,,,,,,,,,1,,"CommonOre; RareOre; EpicOre","2100;400;20",,"4",,"4;4",,500,,,,,,1100,
,12,,,,,,,,,,1,,"CommonOre","2200",,"5",,"5;5",,540,,,,,,1200,
,13,,,,,,,,,,3,,"CommonOre","2300",,"5",,"5;5",,580,,,,,,1300,
,14,,,,,,,,,,3,,"CommonOre; RareOre; EpicOre","2400;600;30",,"5",,"5;5",,620,,,,,,1400,
,15,,,,,,,,,,3,,"CommonOre","2500",,"6",,"6;6",,680,,,,"GearAQMonolithArrowLVL15+",,1900,
,16,,,,,,,,,,5,,"CommonOre","2600",,"6",,"6;6",,700,,,,,,2000,
,17,,,,,,,,,,5,,"CommonOre; RareOre; EpicOre","2700;600;50",,"6",,"6;6",,740,,,,,,2100,
,18,,,,,,,,,,5,,"CommonOre","2800",,"7",,"7;7",,780,,,,,,2600,
,19,,,,,,,,,,7,,"CommonOre","2900",,"7",,"7;7",,820,,,,,,2700,
,20,,,,,,,,,,7,,"CommonOre; RareOre; EpicOre","3000;600;100",,"7",,"7;7",,860,,,,,,2800,
,21,,,,,,,,,,7,,"CommonOre","3100",,"8",,"8;8",,900,,,,,,3300,
,22,,,,,,,,,,8,,"CommonOre","3200",,"8",,"8;8",,940,,,,,,3400,
,23,,,,,,,,,,8,,"CommonOre; RareOre; EpicOre","3300;600;120",,"8",,"8;8",,980,,,,,,3500,
,24,,,,,,,,,,8,,"CommonOre","3400",,"9",,"9;9",,1020,,,,,,4000,
,25,,,,,,,,,,9,,"CommonOre","3500",,"9",,"9;9",,1080,,,,,,4100,
,26,,,,,,,,,,9,,"CommonOre; RareOre; EpicOre","3600;600;150",,"9",,"9;9",,1120,,,,,,4200,
,27,,,,,,,,,,9,,,,,"10",,"10;10",,1160,,,,,,4700,
"Piercing Arrow",1,"sc/ui.sc","icon_gear_AQ_MagicArrow","TID_GEAR_PIERCING_ARROW","TID_GEAR_INFO_PIERCING_ARROW",,"Archer Queen;","COMMON",,,2,1,"CommonOre","120","ArcherQueenPierceProjectile","1",,,,80,,,20,"GearPiercingArrow",,100,
,2,,,,,,,,,,2,,"CommonOre; RareOre","240;20",,"1",,,,93,,,23,,,200,
,3,,,,,,,,,,2,,"CommonOre","400",,"2",,,,106,,,27,,,300,
,4,,,,,,,,,,2,,"CommonOre","600",,"2",,,,119,,,30,,,400,
,5,,,,,,,,,,2,,"CommonOre; RareOre","840;100",,"2",,,,133,,,33,,,500,
,6,,,,,,,,,,2,,"CommonOre","1120",,"3",,,,146,,,37,,,600,
,7,,,,,,,,,,2,,"CommonOre","1440",,"3",,,,159,,,40,,,700,
,8,,,,,,,,,,2,,"CommonOre; RareOre","1800;200",,"3",,,,172,,,43,,,800,
,9,,,,,,,,,,2,,"CommonOre","1900",,"4",,,,199,,,50,,,900,
,10,,,,,,,,,,3,,"CommonOre","2000",,"4",,,,241,,,59,,,1000,
,11,,,,,,,,,,3,,"CommonOre; RareOre","2100;400",,"4",,,,284,,,68,,,1100,
,12,,,,,,,,,,3,,"CommonOre","2200",,"5",,,,326,,,77,,,1200,
,13,,,,,,,,,,5,,"CommonOre","2300",,"5",,,,369,,,86,,,1300,
,14,,,,,,,,,,5,,"CommonOre; RareOre","2400;600",,"5",,,,411,,,96,,,1400,
,15,,,,,,,,,,5,,"CommonOre","2500",,"6",,,,454,,,105,,,1900,
,16,,,,,,,,,,7,,"CommonOre","2600",,"6",,,,496,,,114,,,2000,
,17,,,,,,,,,,7,,"CommonOre; RareOre","2700;600",,"6",,,,539,,,123,,,2100,
,18,,,,,,,,,,7,,,,,"7",,,,581,,,132,,,2600,
"UNUSED2",1,"sc/ui.sc","icon_spell_freeze","TID_GEAR_PIERCING_ARROW","TID_GEAR_INFO_PIERCING_ARROW","TRUE","Archer Queen;","EPIC","TRUE",,1,1,"CommonOre","120","ArcherQueenSpawnArchers","1",,,,150,,,24,,200,100,
,2,,,,,,,,,,1,,"CommonOre; RareOre","240;20",,"1",,,,160,,,28,,215,200,
,3,,,,,,,,,,1,,"CommonOre","400",,"2",,,,170,,,32,,230,300,
,4,,,,,,,,,,1,,"CommonOre","600",,"2",,,,180,,,36,,245,400,
,5,,,,,,,,,,1,,"CommonOre; RareOre","840;100",,"2",,,,190,,,40,,260,500,
,6,,,,,,,,,,1,,"CommonOre","1120",,"3",,,,200,,,44,,275,600,
,7,,,,,,,,,,1,,"CommonOre","1440",,"3",,,,210,,,48,,290,700,
,8,,,,,,,,,,1,,"CommonOre; RareOre; EpicOre","1800;200;10",,"3",,,,220,,,52,,305,800,
,9,,,,,,,,,,1,,"CommonOre","1900",,"4",,,,230,,,56,,320,900,
,10,,,,,,,,,,1,,"CommonOre","2000",,"4",,,,240,,,60,,335,1000,
,11,,,,,,,,,,1,,"CommonOre; RareOre; EpicOre","2100;400;20",,"4",,,,250,,,64,,350,1100,
,12,,,,,,,,,,1,,"CommonOre","2200",,"5",,,,260,,,68,,365,1200,
,13,,,,,,,,,,3,,"CommonOre","2300",,"5",,,,270,,,72,,380,1300,
,14,,,,,,,,,,3,,"CommonOre; RareOre; EpicOre","2400;600;30",,"5",,,,280,,,76,,395,1400,
,15,,,,,,,,,,3,,"CommonOre","2500",,"6",,,,290,,,80,,410,1900,
,16,,,,,,,,,,5,,"CommonOre","2600",,"6",,,,300,,,84,,425,2000,
,17,,,,,,,,,,5,,"CommonOre; RareOre; EpicOre","2700;600;50",,"6",,,,310,,,88,,440,2100,
,18,,,,,,,,,,5,,"CommonOre","2800",,"7",,,,320,,,92,,455,2600,
,19,,,,,,,,,,7,,"CommonOre","2900",,"7",,,,330,,,96,,470,2700,
,20,,,,,,,,,,7,,"CommonOre; RareOre; EpicOre","3000;600;100",,"7",,,,340,,,100,,485,2800,
,21,,,,,,,,,,7,,"CommonOre","3100",,"8",,,,350,,,104,,500,3300,
,22,,,,,,,,,,8,,"CommonOre","3200",,"8",,,,360,,,108,,515,3400,
,23,,,,,,,,,,8,,"CommonOre; RareOre; EpicOre","3300;600;120",,"8",,,,370,,,112,,530,3500,
,24,,,,,,,,,,8,,"CommonOre","3400",,"9",,,,380,,,116,,545,4000,
,25,,,,,,,,,,9,,"CommonOre","3500",,"9",,,,390,,,120,,560,4100,
,26,,,,,,,,,,9,,"CommonOre; RareOre; EpicOre","3600;600;150",,"9",,,,400,,,124,,575,4200,
,27,,,,,,,,,,9,,,,,"10",,,,410,,,128,,590,4700,
"Heroic Torch",1,"sc/ui.sc","icon_gear_BK_Torch","TID_GEAR_TITLE_HEROIC_TORCH","TID_GEAR_INFO_HEROIC_TORCH",,"Grand Warden;","EPIC","TRUE",,1,1,"CommonOre","120","GWHeroicTorch","1",,,,35,,,12,"GearHeroicTorch",110,100,"HeroAbilityHealthBoost;HeroAbilityDuration;DamagePerSecond;HitPoints;SpeedBoostFromSpell;DamageReductionFromSpell"
,2,,,,,,,,,,1,,"CommonOre; RareOre","240;20",,"1",,,,40,,,13,,120,200,
,3,,,,,,,,,,1,,"CommonOre","400",,"2",,,,42,,,14,,130,300,
,4,,,,,,,,,,1,,"CommonOre","600",,"2",,,,45,,,16,,140,400,
,5,,,,,,,,,,1,,"CommonOre; RareOre","840;100",,"2",,,,50,,,18,,150,500,
,6,,,,,,,,,,1,,"CommonOre","1120",,"3",,,,52,,,20,,160,600,
,7,,,,,,,,,,1,,"CommonOre","1440",,"3",,,,55,,,22,,170,700,
,8,,,,,,,,,,1,,"CommonOre; RareOre; EpicOre","1800;200;10",,"3",,,,60,,,24,,180,800,
,9,,,,,,,,,,1,,"CommonOre","1900",,"4",,,,63,,,27,,190,900,
,10,,,,,,,,,,1,,"CommonOre","2000",,"4",,,,66,,,29,,200,1000,
,11,,,,,,,,,,1,,"CommonOre; RareOre; EpicOre","2100;400;20",,"4",,,,71,,,31,,210,1100,
,12,,,,,,,,,,1,,"CommonOre","2200",,"5",,,,74,,,34,,220,1200,
,13,,,,,,,,,,3,,"CommonOre","2300",,"5",,,,77,,,36,,230,1300,
,14,,,,,,,,,,3,,"CommonOre; RareOre; EpicOre","2400;600;30",,"5",,,,82,,,38,,240,1400,
,15,,,,,,,,,,3,,"CommonOre","2500",,"6",,,,85,,,41,,250,1900,
,16,,,,,,,,,,5,,"CommonOre","2600",,"6",,,,88,,,43,,260,2000,
,17,,,,,,,,,,5,,"CommonOre; RareOre; EpicOre","2700;600;50",,"6",,,,93,,,45,,270,2100,
,18,,,,,,,,,,5,,"CommonOre","2800",,"7",,,,96,,,48,,285,2600,
,19,,,,,,,,,,7,,"CommonOre","2900",,"7",,,,99,,,51,,295,2700,
,20,,,,,,,,,,7,,"CommonOre; RareOre; EpicOre","3000;600;100",,"7",,,,104,,,54,,305,2800,
,21,,,,,,,,,,7,,"CommonOre","3100",,"8",,,,107,,,58,,320,3300,
,22,,,,,,,,,,8,,"CommonOre","3200",,"8",,,,110,,,61,,330,3400,
,23,,,,,,,,,,8,,"CommonOre; RareOre; EpicOre","3300;600;120",,"8",,,,115,,,64,,340,3500,
,24,,,,,,,,,,8,,"CommonOre","3400",,"9",,,,118,,,68,,355,4000,
,25,,,,,,,,,,9,,"CommonOre","3500",,"9",,,,121,,,71,,365,4100,
,26,,,,,,,,,,9,,"CommonOre; RareOre; EpicOre","3600;600;150",,"9",,,,126,,,74,,375,4200,
,27,,,,,,,,,,9,,,,,"10",,,,137,,,78,,390,4700,
"Healer Puppet",1,"sc/ui.sc","icon_gear_AQ_HealerDoll","TID_GEAR_HEALER_JAR","TID_GEAR_INFO_HEALER_JAR",,"Archer Queen;","COMMON",,,5,1,"CommonOre","120","ArcherQueenSpawnHealers","1","Regeneration","1",,132,,,,"GearHealerJar",,100,
,2,,,,,,,,,,5,,"CommonOre; RareOre","240;20",,"1",,"2",,154,,,,,,200,
,3,,,,,,,,,,5,,"CommonOre","400",,"2",,"3",,177,,,,,,300,
,4,,,,,,,,,,5,,"CommonOre","600",,"2",,"4",,199,,,,,,400,
,5,,,,,,,,,,5,,"CommonOre; RareOre","840;100",,"2",,"5",,221,,,,,,500,
,6,,,,,,,,,,5,,"CommonOre","1120",,"3",,"6",,243,,,,,,600,
,7,,,,,,,,,,5,,"CommonOre","1440",,"3",,"7",,265,,,,,,700,
,8,,,,,,,,,,5,,"CommonOre; RareOre","1800;200",,"3",,"8",,287,,,,,,800,
,9,,,,,,,,,,5,,"CommonOre","1900",,"4",,"9",,331,,,,,,900,
,10,,,,,,,,,,5,,"CommonOre","2000",,"4",,"10",,402,,,,,,1000,
,11,,,,,,,,,,5,,"CommonOre; RareOre","2100;400",,"4",,"11",,473,,,,,,1100,
,12,,,,,,,,,,5,,"CommonOre","2200",,"5",,"12",,543,,,,,,1200,
,13,,,,,,,,,,5,,"CommonOre","2300",,"5",,"13",,614,,,,,,1300,
,14,,,,,,,,,,5,,"CommonOre; RareOre","2400;600",,"5",,"14",,685,,,,,,1400,
,15,,,,,,,,,,5,,"CommonOre","2500",,"6",,"15",,756,,,,,,1900,
,16,,,,,,,,,,7,,"CommonOre","2600",,"6",,"16",,826,,,,,,2000,
,17,,,,,,,,,,7,,"CommonOre; RareOre","2700;600",,"6",,"17",,897,,,,,,2100,
,18,,,,,,,,,,7,,,,,"7",,"18",,968,,,,,,2600,
"UNUSED3",1,"sc/ui.sc","icon_unit_a","TID_GEAR_TITLE_BARBARIAN_CROWN","TID_GEAR_INFO_BARBARIAN_CROWN","TRUE","Archer Queen;","COMMON",,,1,1,,,,,,,,,,,,,,,
"Fireball",1,"sc/ui.sc","icon_gear_GW_FireSack","TID_GEAR_FIRE_IN_A_CAN","TID_GEAR_INFO_FIRE_IN_A_CAN",,"Grand Warden;","EPIC","TRUE",,1,1,"CommonOre","120","GrandWardenFireball","1",,,,,,,21,"GearFireInCan",,100,
,2,,,,,,,,,,1,,"CommonOre; RareOre","240;20",,"2",,,,,,,24,,,200,
,3,,,,,,,,,,1,,"CommonOre","400",,"3",,,,,,,27,,,300,
,4,,,,,,,,,,1,,"CommonOre","600",,"4",,,,,,,30,,,400,
,5,,,,,,,,,,1,,"CommonOre; RareOre","840;100",,"5",,,,,,,33,,,500,
,6,,,,,,,,,,1,,"CommonOre","1120",,"6",,,,,,,36,,,600,
,7,,,,,,,,,,1,,"CommonOre","1440",,"7",,,,,,,40,,,700,
,8,,,,,,,,,,1,,"CommonOre; RareOre; EpicOre","1800;200;10",,"8",,,,,,,44,,,800,
,9,,,,,,,,,,1,,"CommonOre","1900",,"9",,,,,,,47,,,900,
,10,,,,,,,,,,1,,"CommonOre","2000",,"10",,,,,,,51,,,1000,
,11,,,,,,,,,,1,,"CommonOre; RareOre; EpicOre","2100;400;20",,"11",,,,,,,56,,,1100,
,12,,,,,,,,,,1,,"CommonOre","2200",,"12",,,,,,,60,,,1200,
,13,,,,,,,,,,3,,"CommonOre","2300",,"13",,,,,,,63,,,1300,
,14,,,,,,,,,,3,,"CommonOre; RareOre; EpicOre","2400;600;30",,"14",,,,,,,67,,,1400,
,15,,,,,,,,,,3,,"CommonOre","2500",,"15",,,,,,,71,,,1900,
,16,,,,,,,,,,5,,"CommonOre","2600",,"16",,,,,,,74,,,2000,
,17,,,,,,,,,,5,,"CommonOre; RareOre; EpicOre","2700;600;50",,"17",,,,,,,77,,,2100,
,18,,,,,,,,,,5,,"CommonOre","2800",,"18",,,,,,,80,,,2600,
,19,,,,,,,,,,7,,"CommonOre","2900",,"19",,,,,,,82,,,2700,
,20,,,,,,,,,,7,,"CommonOre; RareOre; EpicOre","3000;600;100",,"20",,,,,,,84,,,2800,
,21,,,,,,,,,,7,,"CommonOre","3100",,"21",,,,,,,87,,,3300,
,22,,,,,,,,,,8,,"CommonOre","3200",,"22",,,,,,,89,,,3400,
,23,,,,,,,,,,8,,"CommonOre; RareOre; EpicOre","3300;600;120",,"23",,,,,,,92,,,3500,
,24,,,,,,,,,,8,,"CommonOre","3400",,"24",,,,,,,94,,,4000,
,25,,,,,,,,,,9,,"CommonOre","3500",,"25",,,,,,,96,,,4100,
,26,,,,,,,,,,9,,"CommonOre; RareOre; EpicOre","3600;600;150",,"26",,,,,,,99,,,4200,
,27,,,,,,,,,,9,,,,,"27",,,,,,,101,,,4700,
"UNUSED4",1,"sc/ui.sc","icon_unit_a","TID_GEAR_TITLE_BARBARIAN_CROWN","TID_GEAR_INFO_BARBARIAN_CROWN","TRUE","Grand Warden;","COMMON",,,1,1,,,,,,,,,,,,,,,
"Rage Gem",1,"sc/ui.sc","icon_gear_GW_RageGem","TID_GEAR_ANGRY_TOME","TID_GEAR_INFO_ANGRY_TOME",,"Grand Warden;","COMMON",,,4,1,"CommonOre","120","GrandWardenRageAura","1",,,,,,5,12,"GearAngryTome",,100,
,2,,,,,,,,,,4,,"CommonOre; RareOre","240;20",,"1",,,,,,6,14,,,200,
,3,,,,,,,,,,4,,"CommonOre","400",,"2",,,,,,7,16,,,300,
,4,,,,,,,,,,4,,"CommonOre","600",,"2",,,,,,8,18,,,400,
,5,,,,,,,,,,4,,"CommonOre; RareOre","840;100",,"2",,,,,,9,20,,,500,
,6,,,,,,,,,,4,,"CommonOre","1120",,"3",,,,,,10,22,,,600,
,7,,,,,,,,,,4,,"CommonOre","1440",,"3",,,,,,11,24,,,700,
,8,,,,,,,,,,4,,"CommonOre; RareOre","1800;200",,"3",,,,,,12,26,,,800,
,9,,,,,,,,,,4,,"CommonOre","1900",,"4",,,,,,13,30,,,900,
,10,,,,,,,,,,4,,"CommonOre","2000",,"4",,,,,,14,36,,,1000,
,11,,,,,,,,,,4,,"CommonOre; RareOre","2100;400",,"4",,,,,,15,43,,,1100,
,12,,,,,,,,,,4,,"CommonOre","2200",,"5",,,,,,16,49,,,1200,
,13,,,,,,,,,,5,,"CommonOre","2300",,"5",,,,,,17,56,,,1300,
,14,,,,,,,,,,5,,"CommonOre; RareOre","2400;600",,"5",,,,,,18,62,,,1400,
,15,,,,,,,,,,5,,"CommonOre","2500",,"6",,,,,,19,69,,,1900,
,16,,,,,,,,,,7,,"CommonOre","2600",,"6",,,,,,20,75,,,2000,
,17,,,,,,,,,,7,,"CommonOre; RareOre","2700;600",,"6",,,,,,21,82,,,2100,
,18,,,,,,,,,,7,,,,,"7",,,,,,22,88,,,2600,
"UNUSED5",1,"sc/ui.sc","icon_unit_a","TID_GEAR_TITLE_BARBARIAN_CROWN","TID_GEAR_INFO_BARBARIAN_CROWN","TRUE","Grand Warden;","COMMON",,,1,1,,,,,,,,,,,,,,,
"UNUSED6",1,"sc/ui.sc","icon_unit_a","TID_GEAR_TITLE_BARBARIAN_CROWN","TID_GEAR_INFO_BARBARIAN_CROWN","TRUE","Grand Warden;","COMMON",,,1,1,,,,,,,,,,,,,,,
"UNUSED7",1,"sc/ui.sc","icon_unit_a","TID_GEAR_TITLE_BARBARIAN_CROWN","TID_GEAR_INFO_BARBARIAN_CROWN","TRUE","Grand Warden;","COMMON",,,1,1,,,,,,,,,,,,,,,
"UNUSED8",1,"sc/ui.sc","icon_unit_a","TID_GEAR_TITLE_BARBARIAN_CROWN","TID_GEAR_INFO_BARBARIAN_CROWN","TRUE","Royal Champion;","COMMON",,,1,1,,,,,,,,,,,,,,,
"UNUSED9",1,"sc/ui.sc","icon_unit_a","TID_GEAR_TITLE_BARBARIAN_CROWN","TID_GEAR_INFO_BARBARIAN_CROWN","TRUE","Royal Champion;","COMMON",,,1,1,,,,,,,,,,,,,,,
"UNUSED10",1,"sc/ui.sc","icon_unit_a","TID_GEAR_HOG_TOTEM","TID_GEAR_INFO_HOG_TOTEM","TRUE","Royal Champion;","COMMON",,,7,1,"CommonOre","120","RCEquipSpawnHogs","1",,,,,,5,,,150,,
"UNUSED11",1,"sc/ui.sc","icon_unit_a","TID_GEAR_TITLE_BARBARIAN_CROWN","TID_GEAR_INFO_BARBARIAN_CROWN","TRUE","Royal Champion;","COMMON",,,1,1,,,,,,,,,,,,,,,
"Snake Bracelet",1,"sc/ui.sc","icon_gear_BK_SnakeBracelet","TID_GEAR_TITLE_SNAKE_ARMOR","TID_GEAR_INFO_SNAKE_ARMOR",,"Barbarian King;","EPIC","TRUE",,1,1,"CommonOre","120","BarbarianKingSpawnOnTakeDamage","1",,,,150,,1,10,"GearSnakeArmor",,,
,2,,,,,,,,,,1,,"CommonOre; RareOre","240;20",,"1",,,,300,,1,11,,,,
,3,,,,,,,,,,1,,"CommonOre","400",,"2",,,,450,,2,12,,,,
,4,,,,,,,,,,1,,"CommonOre","600",,"2",,,,600,,2,14,,,,
,5,,,,,,,,,,1,,"CommonOre; RareOre","840;100",,"2",,,,750,,2,16,,,,
,6,,,,,,,,,,1,,"CommonOre","1120",,"3",,,,900,,3,18,,,,
,7,,,,,,,,,,1,,"CommonOre","1440",,"3",,,,1050,,3,20,,,,
,8,,,,,,,,,,1,,"CommonOre; RareOre; EpicOre","1800;200;10",,"3",,,,1200,,3,22,,,,
,9,,,,,,,,,,1,,"CommonOre","1900",,"4",,,,1350,,4,24,,,,
,10,,,,,,,,,,1,,"CommonOre","2000",,"4",,,,1500,,4,26,,,,
,11,,,,,,,,,,1,,"CommonOre; RareOre; EpicOre","2100;400;20",,"4",,,,1650,,4,28,,,,
,12,,,,,,,,,,1,,"CommonOre","2200",,"5",,,,1800,,5,30,,,,
,13,,,,,,,,,,3,,"CommonOre","2300",,"5",,,,1950,,5,33,,,,
,14,,,,,,,,,,3,,"CommonOre; RareOre; EpicOre","2400;600;30",,"5",,,,2100,,5,36,,,,
,15,,,,,,,,,,3,,"CommonOre","2500",,"6",,,,2250,,6,39,,,,
,16,,,,,,,,,,5,,"CommonOre","2600",,"6",,,,2400,,6,42,,,,
,17,,,,,,,,,,5,,"CommonOre; RareOre; EpicOre","2700;600;50",,"6",,,,2550,,6,45,,,,
,18,,,,,,,,,,5,,"CommonOre","2800",,"7",,,,2700,,7,48,,,,
,19,,,,,,,,,,7,,"CommonOre","2900",,"7",,,,2850,,7,51,,,,
,20,,,,,,,,,,7,,"CommonOre; RareOre; EpicOre","3000;600;100",,"7",,,,3000,,7,54,,,,
,21,,,,,,,,,,7,,"CommonOre","3100",,"8",,,,3150,,8,57,,,,
,22,,,,,,,,,,8,,"CommonOre","3200",,"8",,,,3300,,8,60,,,,
,23,,,,,,,,,,8,,"CommonOre; RareOre; EpicOre","3300;600;120",,"8",,,,3450,,8,63,,,,
,24,,,,,,,,,,8,,"CommonOre","3400",,"9",,,,3600,,9,66,,,,
,25,,,,,,,,,,9,,"CommonOre","3500",,"9",,,,3750,,9,69,,,,
,26,,,,,,,,,,9,,"CommonOre; RareOre; EpicOre","3600;600;150",,"9",,,,3900,,9,72,,,,
,27,,,,,,,,,,9,,,,,"10",,,,4050,,10,75,,,,
"UNUSED13",1,"sc/ui.sc","icon_unit_a","TID_GEAR_TITLE_BARBARIAN_CROWN","TID_GEAR_INFO_BARBARIAN_CROWN","TRUE","Royal Champion;","COMMON",,,6,1,,,"RoyalChampionElectrifiedShield","1",,,,,,,,,,,
"Healing Tome",1,"sc/ui.sc","icon_gear_GW_HeartTome","TID_GEAR_HEALING_TOME","TID_GEAR_INFO_HEALING_TOME",,"Grand Warden;","COMMON",,,6,1,"CommonOre","120","GrandWardenHealAura","1",,,,92,,,,"GearHealingTome",165,100,
,2,,,,,,,,,,6,,"CommonOre; RareOre","240;20",,"1",,,,107,,,,,193,200,
,3,,,,,,,,,,6,,"CommonOre","400",,"2",,,,122,,,,,220,300,
,4,,,,,,,,,,6,,"CommonOre","600",,"2",,,,137,,,,,248,400,
,5,,,,,,,,,,6,,"CommonOre; RareOre","840;100",,"2",,,,153,,,,,275,500,
,6,,,,,,,,,,6,,"CommonOre","1120",,"3",,,,168,,,,,303,600,
,7,,,,,,,,,,6,,"CommonOre","1440",,"3",,,,183,,,,,330,700,
,8,,,,,,,,,,6,,"CommonOre; RareOre","1800;200",,"3",,,,198,,,,,358,800,
,9,,,,,,,,,,6,,"CommonOre","1900",,"4",,,,229,,,,,413,900,
,10,,,,,,,,,,6,,"CommonOre","2000",,"4",,,,280,,,,,463,1000,
,11,,,,,,,,,,6,,"CommonOre; RareOre","2100;400",,"4",,,,330,,,,,513,1100,
,12,,,,,,,,,,6,,"CommonOre","2200",,"5",,,,381,,,,,563,1200,
,13,,,,,,,,,,6,,"CommonOre","2300",,"5",,,,432,,,,,613,1300,
,14,,,,,,,,,,6,,"CommonOre; RareOre","2400;600",,"5",,,,482,,,,,663,1400,
,15,,,,,,,,,,6,,"CommonOre","2500",,"6",,,,533,,,,,713,1900,
,16,,,,,,,,,,7,,"CommonOre","2600",,"6",,,,584,,,,,763,2000,
,17,,,,,,,,,,7,,"CommonOre; RareOre","2700;600",,"6",,,,634,,,,,813,2100,
,18,,,,,,,,,,7,,,,,"7",,,,685,,,,,863,2600,
"Dark Crown",1,"sc/ui.sc","icon_gear_MP_DarkCrown","TID_GEAR_DARK_CROWN","TID_GEAR_INFO_DARK_CROWN",,"Minion Prince;","EPIC","TRUE",,1,1,"CommonOre","120","MinionDarkCrownAbilityHighestTier","1","MinionDarkCrownAbilityLowestTier;MinionDarkCrownAbilityMediumTier;MinionDarkCrownAbilityConstantAura","1;1;1",,550,,1,,"GearMPDarkCrown",,100,"MaxHealthIncrease;MaxDamageIncrease;HitPoints;AttackSpeedPercentage"
,2,,,,,,,,,,1,,"CommonOre; RareOre","240;20",,"1",,"1;1;1",,575,,2,,,,200,
,3,,,,,,,,,,1,,"CommonOre","400",,"2",,"2;2;1",,600,,2,,,,300,
,4,,,,,,,,,,1,,"CommonOre","600",,"2",,"2;2;1",,625,,3,,,,400,
,5,,,,,,,,,,1,,"CommonOre; RareOre","840;100",,"2",,"2;2;1",,650,,3,,,,500,
,6,,,,,,,,,,1,,"CommonOre","1120",,"3",,"3;3;1",,675,,3,,,,600,
,7,,,,,,,,,,1,,"CommonOre","1440",,"3",,"3;3;1",,700,,4,,,,700,
,8,,,,,,,,,,1,,"CommonOre; RareOre; EpicOre","1800;200;10",,"3",,"3;3;1",,725,,4,,,,800,
,9,,,,,,,,,,1,,"CommonOre","1900",,"4",,"4;4;1",,750,,4,,,,900,
,10,,,,,,,,,,1,,"CommonOre","2000",,"4",,"4;4;1",,775,,5,,,,1000,
,11,,,,,,,,,,1,,"CommonOre; RareOre; EpicOre","2100;400;20",,"4",,"4;4;1",,800,,5,,,,1100,
,12,,,,,,,,,,1,,"CommonOre","2200",,"5",,"5;5;1",,825,,5,,,,1200,
,13,,,,,,,,,,3,,"CommonOre","2300",,"5",,"5;5;1",,850,,6,,,,1300,
,14,,,,,,,,,,3,,"CommonOre; RareOre; EpicOre","2400;600;30",,"5",,"5;5;1",,875,,6,,,,1400,
,15,,,,,,,,,,3,,"CommonOre","2500",,"6",,"6;6;1",,900,,6,,,,1900,
,16,,,,,,,,,,5,,"CommonOre","2600",,"6",,"6;6;1",,925,,7,,,,2000,
,17,,,,,,,,,,5,,"CommonOre; RareOre; EpicOre","2700;600;50",,"6",,"6;6;1",,950,,7,,,,2100,
,18,,,,,,,,,,5,,"CommonOre","2800",,"7",,"7;7;1",,975,,7,,,,2600,
,19,,,,,,,,,,7,,"CommonOre","2900",,"7",,"7;7;1",,1000,,8,,,,2700,
,20,,,,,,,,,,7,,"CommonOre; RareOre; EpicOre","3000;600;100",,"7",,"7;7;1",,1025,,8,,,,2800,
,21,,,,,,,,,,7,,"CommonOre","3100",,"8",,"8;8;1",,1050,,8,,,,3300,
,22,,,,,,,,,,8,,"CommonOre","3200",,"8",,"8;8;1",,1075,,9,,,,3400,
,23,,,,,,,,,,8,,"CommonOre; RareOre; EpicOre","3300;600;120",,"8",,"8;8;1",,1100,,9,,,,3500,
,24,,,,,,,,,,8,,"CommonOre","3400",,"9",,"9;9;1",,1125,,9,,,,4000,
,25,,,,,,,,,,9,,"CommonOre","3500",,"9",,"9;9;1",,1150,,10,,,,4100,
,26,,,,,,,,,,9,,"CommonOre; RareOre; EpicOre","3600;600;150",,"9",,"9;9;1",,1175,,10,,,,4200,
,27,,,,,,,,,,9,,,,,"10",,"10;10;1",,1200,,11,,,,4700,
"UNUSED15",1,"sc/ui.sc","icon_unit_b","TID_GEAR_TITLE_BARBARIAN_CROWN","TID_GEAR_INFO_BARBARIAN_CROWN","TRUE","Barbarian King;","COMMON",,,1,1,"CommonOre","120","THBounceFootball","1",,,,,,,,,,,
"UNUSED16",1,"sc/ui.sc","icon_unit_c","TID_GEAR_TITLE_BARBARIAN_CROWN","TID_GEAR_INFO_BARBARIAN_CROWN","TRUE","Barbarian King;","COMMON",,,1,1,"CommonOre","120","THPierceFootball","1",,,,,,,,,,,
"UNUSED17",1,"sc/ui.sc","icon_unit_pet_phoenix","TID_GEAR_TITLE_BARBARIAN_CROWN","TID_GEAR_INFO_BARBARIAN_CROWN","TRUE","Grand Warden;","EPIC","TRUE",,1,1,"CommonOre","120",,"1",,,,150,,,24,,,100,
,2,,,,,,,,,,1,,"CommonOre; RareOre","240;20",,"1",,,,160,,,28,,,200,
,3,,,,,,,,,,1,,"CommonOre","400",,"2",,,,170,,,32,,,300,
,4,,,,,,,,,,1,,"CommonOre","600",,"2",,,,180,,,36,,,400,
,5,,,,,,,,,,1,,"CommonOre; RareOre","840;100",,"2",,,,190,,,40,,,500,
,6,,,,,,,,,,1,,"CommonOre","1120",,"3",,,,200,,,44,,,600,
,7,,,,,,,,,,1,,"CommonOre","1440",,"3",,,,210,,,48,,,700,
,8,,,,,,,,,,1,,"CommonOre; RareOre; EpicOre","1800;200;10",,"3",,,,220,,,52,,,800,
,9,,,,,,,,,,1,,"CommonOre","1900",,"4",,,,230,,,56,,,900,
,10,,,,,,,,,,1,,"CommonOre","2000",,"4",,,,240,,,60,,,1000,
,11,,,,,,,,,,1,,"CommonOre; RareOre; EpicOre","2100;400;20",,"4",,,,250,,,64,,,1100,
,12,,,,,,,,,,1,,"CommonOre","2200",,"5",,,,260,,,68,,,1200,
,13,,,,,,,,,,3,,"CommonOre","2300",,"5",,,,270,,,72,,,1300,
,14,,,,,,,,,,3,,"CommonOre; RareOre; EpicOre","2400;600;30",,"5",,,,280,,,76,,,1400,
,15,,,,,,,,,,3,,"CommonOre","2500",,"6",,,,290,,,80,,,1900,
,16,,,,,,,,,,5,,"CommonOre","2600",,"6",,,,300,,,84,,,2000,
,17,,,,,,,,,,5,,"CommonOre; RareOre; EpicOre","2700;600;50",,"6",,,,310,,,88,,,2100,
,18,,,,,,,,,,5,,"CommonOre","2800",,"7",,,,320,,,92,,,2600,
,19,,,,,,,,,,7,,"CommonOre","2900",,"7",,,,330,,,96,,,2700,
,20,,,,,,,,,,7,,"CommonOre; RareOre; EpicOre","3000;600;100",,"7",,,,340,,,100,,,2800,
,21,,,,,,,,,,7,,"CommonOre","3100",,"8",,,,350,,,104,,,3300,
,22,,,,,,,,,,8,,"CommonOre","3200",,"8",,,,360,,,108,,,3400,
,23,,,,,,,,,,8,,"CommonOre; RareOre; EpicOre","3300;600;120",,"8",,,,370,,,112,,,3500,
,24,,,,,,,,,,8,,"CommonOre","3400",,"9",,,,380,,,116,,,4000,
,25,,,,,,,,,,9,,"CommonOre","3500",,"9",,,,390,,,120,,,4100,
,26,,,,,,,,,,9,,"CommonOre; RareOre; EpicOre","3600;600;150",,"9",,,,400,,,124,,,4200,
,27,,,,,,,,,,9,,,,,"10",,,,410,,,128,,,4700,
"Magic Mirror",1,"sc/ui.sc","icon_gear_AQ_Mirror","TID_GEAR_TITLE_CLONING_CLOAK","TID_GEAR_INFO_CLONING_CLOAK",,"Archer Queen;","EPIC","TRUE",,1,1,"CommonOre","120","AQCloningCloak","1",,,,88,,,,"GearCloningCloack",198,100,
,2,,,,,,,,,,1,,"CommonOre; RareOre","240;20",,"1",,,,96,,,,,229,200,
,3,,,,,,,,,,1,,"CommonOre","400",,"2",,,,113,,,,,250,300,
,4,,,,,,,,,,1,,"CommonOre","600",,"2",,,,131,,,,,271,400,
,5,,,,,,,,,,1,,"CommonOre; RareOre","840;100",,"2",,,,157,,,,,294,500,
,6,,,,,,,,,,1,,"CommonOre","1120",,"3",,,,184,,,,,317,600,
,7,,,,,,,,,,1,,"CommonOre","1440",,"3",,,,228,,,,,344,700,
,8,,,,,,,,,,1,,"CommonOre; RareOre; EpicOre","1800;200;10",,"3",,,,272,,,,,372,800,
,9,,,,,,,,,,1,,"CommonOre","1900",,"4",,,,307,,,,,397,900,
,10,,,,,,,,,,1,,"CommonOre","2000",,"4",,,,342,,,,,423,1000,
,11,,,,,,,,,,1,,"CommonOre; RareOre; EpicOre","2100;400;20",,"4",,,,377,,,,,448,1100,
,12,,,,,,,,,,1,,"CommonOre","2200",,"5",,,,412,,,,,474,1200,
,13,,,,,,,,,,3,,"CommonOre","2300",,"5",,,,448,,,,,498,1300,
,14,,,,,,,,,,3,,"CommonOre; RareOre; EpicOre","2400;600;30",,"5",,,,483,,,,,529,1400,
,15,,,,,,,,,,3,,"CommonOre","2500",,"6",,,,518,,,,,560,1900,
,16,,,,,,,,,,5,,"CommonOre","2600",,"6",,,,553,,,,,591,2000,
,17,,,,,,,,,,5,,"CommonOre; RareOre; EpicOre","2700;600;50",,"6",,,,588,,,,,622,2100,
,18,,,,,,,,,,5,,"CommonOre","2800",,"7",,,,624,,,,,652,2600,
,19,,,,,,,,,,7,,"CommonOre","2900",,"7",,,,650,,,,,679,2700,
,20,,,,,,,,,,7,,"CommonOre; RareOre; EpicOre","3000;600;100",,"7",,,,676,,,,,706,2800,
,21,,,,,,,,,,7,,"CommonOre","3100",,"8",,,,703,,,,,732,3300,
,22,,,,,,,,,,8,,"CommonOre","3200",,"8",,,,729,,,,,759,3400,
,23,,,,,,,,,,8,,"CommonOre; RareOre; EpicOre","3300;600;120",,"8",,,,756,,,,,784,3500,
,24,,,,,,,,,,8,,"CommonOre","3400",,"9",,,,782,,,,,811,4000,
,25,,,,,,,,,,9,,"CommonOre","3500",,"9",,,,808,,,,,838,4100,
,26,,,,,,,,,,9,,"CommonOre; RareOre; EpicOre","3600;600;150",,"9",,,,835,,,,,864,4200,
,27,,,,,,,,,,9,,,,,"10",,,,861,,,,,891,4700,
"Electro Boots",1,"sc/ui.sc","icon_gear_RC_ElectroBoots","TID_GEAR_ELECTRO_SHIELD","TID_GEAR_INFO_ELECTRO_SHIELD",,"Royal Champion;","EPIC","TRUE",,1,1,"CommonOre","120","Electro Boots Aura","1","RCElectroRegeneration","1",,50,,,,"GearElectrifiedShield",,100,
,2,,,,,,,,,,1,,"CommonOre; RareOre","240;20",,"1",,"2",,75,,,,,,200,
,3,,,,,,,,,,1,,"CommonOre","400",,"2",,"3",,100,,,,,,300,
,4,,,,,,,,,,1,,"CommonOre","600",,"2",,"4",,125,,,,,,400,
,5,,,,,,,,,,1,,"CommonOre; RareOre","840;100",,"2",,"5",,150,,,,,,500,
,6,,,,,,,,,,1,,"CommonOre","1120",,"3",,"6",,175,,,,,,600,
,7,,,,,,,,,,1,,"CommonOre","1440",,"3",,"7",,200,,,,,,700,
,8,,,,,,,,,,1,,"CommonOre; RareOre; EpicOre","1800;200;10",,"3",,"8",,225,,,,,,800,
,9,,,,,,,,,,1,,"CommonOre","1900",,"4",,"9",,250,,,,,,900,
,10,,,,,,,,,,1,,"CommonOre","2000",,"4",,"10",,275,,,,,,1000,
,11,,,,,,,,,,1,,"CommonOre; RareOre; EpicOre","2100;400;20",,"4",,"11",,300,,,,,,1100,
,12,,,,,,,,,,1,,"CommonOre","2200",,"5",,"12",,325,,,,,,1200,
,13,,,,,,,,,,3,,"CommonOre","2300",,"5",,"13",,350,,,,,,1300,
,14,,,,,,,,,,3,,"CommonOre; RareOre; EpicOre","2400;600;30",,"5",,"14",,375,,,,,,1400,
,15,,,,,,,,,,3,,"CommonOre","2500",,"6",,"15",,400,,,,,,1900,
,16,,,,,,,,,,5,,"CommonOre","2600",,"6",,"16",,425,,,,,,2000,
,17,,,,,,,,,,5,,"CommonOre; RareOre; EpicOre","2700;600;50",,"6",,"17",,450,,,,,,2100,
,18,,,,,,,,,,5,,"CommonOre","2800",,"7",,"18",,475,,,,,,2600,
,19,,,,,,,,,,7,,"CommonOre","2900",,"7",,"19",,500,,,,,,2700,
,20,,,,,,,,,,7,,"CommonOre; RareOre; EpicOre","3000;600;100",,"7",,"20",,525,,,,,,2800,
,21,,,,,,,,,,7,,"CommonOre","3100",,"8",,"21",,550,,,,,,3300,
,22,,,,,,,,,,8,,"CommonOre","3200",,"8",,"22",,575,,,,,,3400,
,23,,,,,,,,,,8,,"CommonOre; RareOre; EpicOre","3300;600;120",,"8",,"23",,600,,,,,,3500,
,24,,,,,,,,,,8,,"CommonOre","3400",,"9",,"24",,625,,,,,,4000,
,25,,,,,,,,,,9,,"CommonOre","3500",,"9",,"25",,650,,,,,,4100,
,26,,,,,,,,,,9,,"CommonOre; RareOre; EpicOre","3600;600;150",,"9",,"26",,675,,,,,,4200,
,27,,,,,,,,,,9,,,,,"10",,"27",,700,,,,,,4700,
"Lavaloon Puppet",1,"sc/ui.sc","icon_gear_GW_LavaloonPuppet","TID_GEAR_LAVALOON_PUPPET","TID_GEAR_INFO_LAVALOON_PUPPET",,"Grand Warden;","EPIC","TRUE",,1,1,"CommonOre","120","GrandWardenSummonLavaloon","1",,,,50,,,10,"GearLavaloonPuppet",,100,
,2,,,,,,,,,,1,,"CommonOre; RareOre","240;20",,"2",,,,55,,,12,,,200,
,3,,,,,,,,,,1,,"CommonOre","400",,"3",,,,57,,,13,,,300,
,4,,,,,,,,,,1,,"CommonOre","600",,"4",,,,60,,,15,,,400,
,5,,,,,,,,,,1,,"CommonOre; RareOre","840;100",,"5",,,,65,,,16,,,500,
,6,,,,,,,,,,1,,"CommonOre","1120",,"6",,,,67,,,18,,,600,
,7,,,,,,,,,,1,,"CommonOre","1440",,"7",,,,70,,,20,,,700,
,8,,,,,,,,,,1,,"CommonOre; RareOre; EpicOre","1800;200;10",,"8",,,,75,,,22,,,800,
,9,,,,,,,,,,1,,"CommonOre","1900",,"9",,,,77,,,23,,,900,
,10,,,,,,,,,,1,,"CommonOre","2000",,"10",,,,80,,,25,,,1000,
,11,,,,,,,,,,1,,"CommonOre; RareOre; EpicOre","2100;400;20",,"11",,,,85,,,28,,,1100,
,12,,,,,,,,,,1,,"CommonOre","2200",,"12",,,,87,,,30,,,1200,
,13,,,,,,,,,,3,,"CommonOre","2300",,"13",,,,90,,,31,,,1300,
,14,,,,,,,,,,3,,"CommonOre; RareOre; EpicOre","2400;600;30",,"14",,,,95,,,33,,,1400,
,15,,,,,,,,,,3,,"CommonOre","2500",,"15",,,,97,,,35,,,1900,
,16,,,,,,,,,,5,,"CommonOre","2600",,"16",,,,100,,,37,,,2000,
,17,,,,,,,,,,5,,"CommonOre; RareOre; EpicOre","2700;600;50",,"17",,,,105,,,38,,,2100,
,18,,,,,,,,,,5,,"CommonOre","2800",,"18",,,,107,,,40,,,2600,
,19,,,,,,,,,,7,,"CommonOre","2900",,"19",,,,110,,,41,,,2700,
,20,,,,,,,,,,7,,"CommonOre; RareOre; EpicOre","3000;600;100",,"20",,,,115,,,42,,,2800,
,21,,,,,,,,,,7,,"CommonOre","3100",,"21",,,,117,,,43,,,3300,
,22,,,,,,,,,,8,,"CommonOre","3200",,"22",,,,120,,,45,,,3400,
,23,,,,,,,,,,8,,"CommonOre; RareOre; EpicOre","3300;600;120",,"23",,,,125,,,46,,,3500,
,24,,,,,,,,,,8,,"CommonOre","3400",,"24",,,,127,,,47,,,4000,
,25,,,,,,,,,,9,,"CommonOre","3500",,"25",,,,130,,,48,,,4100,
,26,,,,,,,,,,9,,"CommonOre; RareOre; EpicOre","3600;600;150",,"26",,,,135,,,49,,,4200,
,27,,,,,,,,,,9,,,,,"27",,,,150,,,50,,,4700,
"Henchmen Puppet",1,"sc/ui.sc","icon_gear_MP_BouncerKeychain","TID_GEAR_TITLE_MINION_BODYGUARDS","TID_GEAR_INFO_MINION_BODYGUARDS",,"Minion Prince;","COMMON",,,1,1,"CommonOre","120","MinionSummonAbility","1",,,,500,,,33,"GearMPHenchmen",176,100,
,2,,,,,,,,,,1,,"CommonOre; RareOre","240;20",,"1",,,,500,,,38,,193,200,
,3,,,,,,,,,,1,,"CommonOre","400",,"2",,,,500,,,46,,209,300,
,4,,,,,,,,,,1,,"CommonOre","600",,"2",,,,500,,,51,,226,400,
,5,,,,,,,,,,1,,"CommonOre; RareOre","840;100",,"2",,,,500,,,56,,242,500,
,6,,,,,,,,,,1,,"CommonOre","1120",,"3",,,,500,,,64,,259,600,
,7,,,,,,,,,,1,,"CommonOre","1440",,"3",,,,500,,,71,,275,700,
,8,,,,,,,,,,1,,"CommonOre; RareOre","1800;200",,"3",,,,500,,,78,,292,800,
,9,,,,,,,,,,1,,"CommonOre","1900",,"4",,,,500,,,92,,308,900,
,10,,,,,,,,,,3,,"CommonOre","2000",,"4",,,,500,,,103,,325,1000,
,11,,,,,,,,,,3,,"CommonOre; RareOre","2100;400",,"4",,,,500,,,114,,341,1100,
,12,,,,,,,,,,3,,"CommonOre","2200",,"5",,,,500,,,131,,358,1200,
,13,,,,,,,,,,5,,"CommonOre","2300",,"5",,,,500,,,140,,388,1300,
,14,,,,,,,,,,5,,"CommonOre; RareOre","2400;600",,"5",,,,500,,,149,,418,1400,
,15,,,,,,,,,,5,,"CommonOre","2500",,"6",,,,500,,,162,,448,1900,
,16,,,,,,,,,,7,,"CommonOre","2600",,"6",,,,500,,,169,,478,2000,
,17,,,,,,,,,,7,,"CommonOre; RareOre","2700;600",,"6",,,,500,,,176,,508,2100,
,18,,,,,,,,,,7,,,,,"7",,,,500,,,188,,538,2600,
"Dark Orb",1,"sc/ui.sc","icon_gear_MP_DarkOrb","TID_GEAR_TITLE_DARK_ORB","TID_GEAR_INFO_DARK_ORB",,"Minion Prince;","COMMON",,,1,1,"CommonOre","120","MinionAttackAbility","1",,,,588,,,10,"GearMPDarkOrb",,100,
,2,,,,,,,,,,1,,"CommonOre; RareOre","240;20",,"1",,,,603,,,13,,,200,
,3,,,,,,,,,,1,,"CommonOre","400",,"2",,,,617,,,18,,,300,
,4,,,,,,,,,,1,,"CommonOre","600",,"2",,,,631,,,21,,,400,
,5,,,,,,,,,,1,,"CommonOre; RareOre","840;100",,"2",,,,647,,,24,,,500,
,6,,,,,,,,,,1,,"CommonOre","1120",,"3",,,,661,,,29,,,600,
,7,,,,,,,,,,1,,"CommonOre","1440",,"3",,,,675,,,32,,,700,
,8,,,,,,,,,,1,,"CommonOre; RareOre","1800;200",,"3",,,,690,,,35,,,800,
,9,,,,,,,,,,1,,"CommonOre","1900",,"4",,,,719,,,40,,,900,
,10,,,,,,,,,,3,,"CommonOre","2000",,"4",,,,766,,,43,,,1000,
,11,,,,,,,,,,3,,"CommonOre; RareOre","2100;400",,"4",,,,813,,,46,,,1100,
,12,,,,,,,,,,3,,"CommonOre","2200",,"5",,,,859,,,51,,,1200,
,13,,,,,,,,,,5,,"CommonOre","2300",,"5",,,,906,,,54,,,1300,
,14,,,,,,,,,,5,,"CommonOre; RareOre","2400;600",,"5",,,,953,,,57,,,1400,
,15,,,,,,,,,,5,,"CommonOre","2500",,"6",,,,1000,,,62,,,1900,
,16,,,,,,,,,,7,,"CommonOre","2600",,"6",,,,1046,,,65,,,2000,
,17,,,,,,,,,,7,,"CommonOre; RareOre","2700;600",,"6",,,,1093,,,68,,,2100,
,18,,,,,,,,,,7,,,,,"7",,,,1140,,,73,,,2600,
"Metal Pants",1,"sc/ui.sc","icon_gear_MP_MetalPants","TID_GEAR_TITLE_STONE_AMULET","TID_GEAR_INFO_STONE_AMULET",,"Minion Prince;","COMMON",,,3,1,"CommonOre","120","MinionPrinceStoneSkinAbility","1",,,,850,,,,"GearMPMetalPants",1600,100,
,2,,,,,,,,,,3,,"CommonOre; RareOre","240;20",,"1",,,,900,,,,,1675,200,
,3,,,,,,,,,,3,,"CommonOre","400",,"2",,,,950,,,,,1750,300,
,4,,,,,,,,,,3,,"CommonOre","600",,"2",,,,1000,,,,,1800,400,
,5,,,,,,,,,,3,,"CommonOre; RareOre","840;100",,"2",,,,1050,,,,,1850,500,
,6,,,,,,,,,,3,,"CommonOre","1120",,"3",,,,1100,,,,,1900,600,
,7,,,,,,,,,,3,,"CommonOre","1440",,"3",,,,1150,,,,,1950,700,
,8,,,,,,,,,,3,,"CommonOre; RareOre","1800;200",,"3",,,,1200,,,,,2000,800,
,9,,,,,,,,,,3,,"CommonOre","1900",,"4",,,,1250,,,,,2050,900,
,10,,,,,,,,,,3,,"CommonOre","2000",,"4",,,,1300,,,,,2100,1000,
,11,,,,,,,,,,3,,"CommonOre; RareOre","2100;400",,"4",,,,1350,,,,,2150,1100,
,12,,,,,,,,,,3,,"CommonOre","2200",,"5",,,,1400,,,,,2200,1200,
,13,,,,,,,,,,5,,"CommonOre","2300",,"5",,,,1450,,,,,2250,1300,
,14,,,,,,,,,,5,,"CommonOre; RareOre","2400;600",,"5",,,,1500,,,,,2300,1400,
,15,,,,,,,,,,5,,"CommonOre","2500",,"6",,,,1550,,,,,2350,1900,
,16,,,,,,,,,,7,,"CommonOre","2600",,"6",,,,1600,,,,,2400,2000,
,17,,,,,,,,,,7,,"CommonOre; RareOre","2700;600",,"6",,,,1650,,,,,2450,2100,
,18,,,,,,,,,,7,,,,,"7",,,,1700,,,,,2500,2600,
"MP Trap Shield",1,"sc/ui.sc","icon_unit_pet_electrowl","TID_GEAR_TITLE_TRAP_SHIELD","TID_GEAR_INFO_TRAP_SHIELD","TRUE","Minion Prince;","COMMON",,,1,1,"CommonOre","120","MinionPrinceTrapShieldAbility","1",,,,150,,,24,,,100,
,2,,,,,,,,,,1,,"CommonOre; RareOre","240;20",,"1",,,,200,,,30,,,200,
,3,,,,,,,,,,1,,"CommonOre","400",,"2",,,,250,,,40,,,300,
,4,,,,,,,,,,1,,"CommonOre","600",,"2",,,,300,,,46,,,400,
,5,,,,,,,,,,1,,"CommonOre; RareOre","840;100",,"2",,,,350,,,52,,,500,
,6,,,,,,,,,,1,,"CommonOre","1120",,"3",,,,400,,,62,,,600,
,7,,,,,,,,,,1,,"CommonOre","1440",,"3",,,,450,,,68,,,700,
,8,,,,,,,,,,1,,"CommonOre; RareOre","1800;200",,"3",,,,500,,,74,,,800,
,9,,,,,,,,,,1,,"CommonOre","1900",,"4",,,,550,,,84,,,900,
,10,,,,,,,,,,3,,"CommonOre","2000",,"4",,,,600,,,90,,,1000,
,11,,,,,,,,,,3,,"CommonOre; RareOre","2100;400",,"4",,,,650,,,96,,,1100,
,12,,,,,,,,,,3,,"CommonOre","2200",,"5",,,,700,,,106,,,1200,
,13,,,,,,,,,,5,,"CommonOre","2300",,"5",,,,750,,,112,,,1300,
,14,,,,,,,,,,5,,"CommonOre; RareOre","2400;600",,"5",,,,800,,,118,,,1400,
,15,,,,,,,,,,5,,"CommonOre","2500",,"6",,,,850,,,128,,,1900,
,16,,,,,,,,,,7,,"CommonOre","2600",,"6",,,,900,,,134,,,2000,
,17,,,,,,,,,,7,,"CommonOre; RareOre","2700;600",,"6",,,,950,,,140,,,2100,
,18,,,,,,,,,,7,,,,,"7",,,,1000,,,150,,,2600,
"Punch Arrow",1,"sc/ui.sc","icon_gear_AQ_MagicArrow","TID_GEAR_TITLE_CLONING_CLOAK","TID_GEAR_INFO_CLONING_CLOAK","TRUE","Archer Queen;","EPIC","TRUE",,1,1,"CommonOre","120","PunchArrow","1",,,,88,,,,"GearCloningCloack",198,100,
,2,,,,,,,,,,1,,"CommonOre; RareOre","240;20",,"1",,,,96,,,,,229,200,
,3,,,,,,,,,,1,,"CommonOre","400",,"2",,,,113,,,,,250,300,
,4,,,,,,,,,,1,,"CommonOre","600",,"2",,,,131,,,,,271,400,
,5,,,,,,,,,,1,,"CommonOre; RareOre","840;100",,"2",,,,157,,,,,294,500,
,6,,,,,,,,,,1,,"CommonOre","1120",,"3",,,,184,,,,,317,600,
,7,,,,,,,,,,1,,"CommonOre","1440",,"3",,,,228,,,,,344,700,
,8,,,,,,,,,,1,,"CommonOre; RareOre; EpicOre","1800;200;10",,"3",,,,272,,,,,372,800,
,9,,,,,,,,,,1,,"CommonOre","1900",,"4",,,,307,,,,,397,900,
,10,,,,,,,,,,1,,"CommonOre","2000",,"4",,,,342,,,,,423,1000,
,11,,,,,,,,,,1,,"CommonOre; RareOre; EpicOre","2100;400;20",,"4",,,,377,,,,,448,1100,
,12,,,,,,,,,,1,,"CommonOre","2200",,"5",,,,412,,,,,474,1200,
,13,,,,,,,,,,3,,"CommonOre","2300",,"5",,,,448,,,,,498,1300,
,14,,,,,,,,,,3,,"CommonOre; RareOre; EpicOre","2400;600;30",,"5",,,,483,,,,,529,1400,
,15,,,,,,,,,,3,,"CommonOre","2500",,"6",,,,518,,,,,560,1900,
,16,,,,,,,,,,5,,"CommonOre","2600",,"6",,,,553,,,,,591,2000,
,17,,,,,,,,,,5,,"CommonOre; RareOre; EpicOre","2700;600;50",,"6",,,,588,,,,,622,2100,
,18,,,,,,,,,,5,,"CommonOre","2800",,"7",,,,624,,,,,652,2600,
,19,,,,,,,,,,7,,"CommonOre","2900",,"7",,,,650,,,,,679,2700,
,20,,,,,,,,,,7,,"CommonOre; RareOre; EpicOre","3000;600;100",,"7",,,,676,,,,,706,2800,
,21,,,,,,,,,,7,,"CommonOre","3100",,"8",,,,703,,,,,732,3300,
,22,,,,,,,,,,8,,"CommonOre","3200",,"8",,,,729,,,,,759,3400,
,23,,,,,,,,,,8,,"CommonOre; RareOre; EpicOre","3300;600;120",,"8",,,,756,,,,,784,3500,
,24,,,,,,,,,,8,,"CommonOre","3400",,"9",,,,782,,,,,811,4000,
,25,,,,,,,,,,9,,"CommonOre","3500",,"9",,,,808,,,,,838,4100,
,26,,,,,,,,,,9,,"CommonOre; RareOre; EpicOre","3600;600;150",,"9",,,,835,,,,,864,4200,
,27,,,,,,,,,,9,,,,,"10",,,,861,,,,,891,4700,
"Noble Iron",1,"sc/ui.sc","icon_gear_MP_PowerPump","TID_GEAR_TITLE_TURBO_START","TID_GEAR_INFO_TURBO_START",,"Minion Prince;","COMMON",,,5,1,"CommonOre","120","MPTurboStart","1",,,,500,,6,,"GearMPTurboStart",,100,
,2,,,,,,,,,,5,,"CommonOre; RareOre","240;20",,"1",,,,500,,7,,,,200,
,3,,,,,,,,,,5,,"CommonOre","400",,"2",,,,500,,7,,,,300,
,4,,,,,,,,,,5,,"CommonOre","600",,"2",,,,500,,8,,,,400,
,5,,,,,,,,,,5,,"CommonOre; RareOre","840;100",,"2",,,,500,,9,,,,500,
,6,,,,,,,,,,5,,"CommonOre","1120",,"3",,,,500,,9,,,,600,
,7,,,,,,,,,,5,,"CommonOre","1440",,"3",,,,500,,10,,,,700,
,8,,,,,,,,,,5,,"CommonOre; RareOre","1800;200",,"3",,,,500,,11,,,,800,
,9,,,,,,,,,,5,,"CommonOre","1900",,"4",,,,500,,11,,,,900,
,10,,,,,,,,,,5,,"CommonOre","2000",,"4",,,,500,,12,,,,1000,
,11,,,,,,,,,,5,,"CommonOre; RareOre","2100;400",,"4",,,,500,,13,,,,1100,
,12,,,,,,,,,,5,,"CommonOre","2200",,"5",,,,500,,13,,,,1200,
,13,,,,,,,,,,5,,"CommonOre","2300",,"5",,,,500,,14,,,,1300,
,14,,,,,,,,,,5,,"CommonOre; RareOre","2400;600",,"5",,,,500,,15,,,,1400,
,15,,,,,,,,,,5,,"CommonOre","2500",,"6",,,,500,,15,,,,1900,
,16,,,,,,,,,,7,,"CommonOre","2600",,"6",,,,500,,16,,,,2000,
,17,,,,,,,,,,7,,"CommonOre; RareOre","2700;600",,"6",,,,500,,17,,,,2100,
,18,,,,,,,,,,7,,,,,"7",,,,500,,18,,,,2600,
"Action Figure",1,"sc/ui.sc","icon_gear_AQ_WWEGiantSummon","TID_GEAR_ACTION_FIGURE","TID_GEAR_INFO_ACTION_FIGURE",,"Archer Queen;","EPIC","TRUE",,1,1,"CommonOre","120","AQSummonGiantGiant","1","Regeneration","1",,159,,,28,"GearActionFigure",,100,
,2,,,,,,,,,,1,,"CommonOre; RareOre","240;20",,"1",,"2",,184,,,32,,,200,
,3,,,,,,,,,,1,,"CommonOre","400",,"2",,"3",,200,,,36,,,300,
,4,,,,,,,,,,1,,"CommonOre","600",,"2",,"4",,217,,,40,,,400,
,5,,,,,,,,,,1,,"CommonOre; RareOre","840;100",,"2",,"5",,236,,,44,,,500,
,6,,,,,,,,,,1,,"CommonOre","1120",,"3",,"6",,254,,,48,,,600,
,7,,,,,,,,,,1,,"CommonOre","1440",,"3",,"7",,276,,,53,,,700,
,8,,,,,,,,,,1,,"CommonOre; RareOre; EpicOre","1800;200;10",,"3",,"8",,298,,,58,,,800,
,9,,,,,,,,,,1,,"CommonOre","1900",,"4",,"9",,318,,,63,,,900,
,10,,,,,,,,,,1,,"CommonOre","2000",,"4",,"10",,339,,,68,,,1000,
,11,,,,,,,,,,1,,"CommonOre; RareOre; EpicOre","2100;400;20",,"4",,"11",,359,,,74,,,1100,
,12,,,,,,,,,,1,,"CommonOre","2200",,"5",,"12",,380,,,80,,,1200,
,13,,,,,,,,,,3,,"CommonOre","2300",,"5",,"13",,399,,,84,,,1300,
,14,,,,,,,,,,3,,"CommonOre; RareOre; EpicOre","2400;600;30",,"5",,"14",,424,,,89,,,1400,
,15,,,,,,,,,,3,,"CommonOre","2500",,"6",,"15",,448,,,94,,,1900,
,16,,,,,,,,,,5,,"CommonOre","2600",,"6",,"16",,473,,,98,,,2000,
,17,,,,,,,,,,5,,"CommonOre; RareOre; EpicOre","2700;600;50",,"6",,"17",,498,,,102,,,2100,
,18,,,,,,,,,,5,,"CommonOre","2800",,"7",,"18",,522,,,106,,,2600,
,19,,,,,,,,,,7,,"CommonOre","2900",,"7",,"19",,544,,,109,,,2700,
,20,,,,,,,,,,7,,"CommonOre; RareOre; EpicOre","3000;600;100",,"7",,"20",,565,,,112,,,2800,
,21,,,,,,,,,,7,,"CommonOre","3100",,"8",,"21",,586,,,116,,,3300,
,22,,,,,,,,,,8,,"CommonOre","3200",,"8",,"22",,608,,,119,,,3400,
,23,,,,,,,,,,8,,"CommonOre; RareOre; EpicOre","3300;600;120",,"8",,"23",,628,,,122,,,3500,
,24,,,,,,,,,,8,,"CommonOre","3400",,"9",,"24",,649,,,125,,,4000,
,25,,,,,,,,,,9,,"CommonOre","3500",,"9",,"25",,671,,,128,,,4100,
,26,,,,,,,,,,9,,"CommonOre; RareOre; EpicOre","3600;600;150",,"9",,"26",,692,,,132,,,4200,
,27,,,,,,,,,,9,,,,,"10",,"27",,713,,,135,,,4700,
"Meteor Staff",1,"sc/ui.sc","icon_gear_MP_Meteor","TID_GEAR_METEOR_WAND","TID_GEAR_INFO_METEOR_WAND",,"Minion Prince;","EPIC","TRUE",,1,1,"CommonOre","120","MPMeteorStaff","1",,,,558,,,13,"GearMPMeteorStaff",,100,"DamagePerSecond;HitPoints;AbilityCooldown;AbilitySpellDamage"
,2,,,,,,,,,,1,,"CommonOre; RareOre","240;20",,"1",,,,587,,,17,,,200,
,3,,,,,,,,,,1,,"CommonOre","400",,"2",,,,615,,,21,,,300,
,4,,,,,,,,,,1,,"CommonOre","600",,"2",,,,644,,,25,,,400,
,5,,,,,,,,,,1,,"CommonOre; RareOre","840;100",,"2",,,,673,,,29,,,500,
,6,,,,,,,,,,1,,"CommonOre","1120",,"3",,,,702,,,33,,,600,
,7,,,,,,,,,,1,,"CommonOre","1440",,"3",,,,730,,,37,,,700,
,8,,,,,,,,,,1,,"CommonOre; RareOre; EpicOre","1800;200;10",,"3",,,,759,,,41,,,800,
,9,,,,,,,,,,1,,"CommonOre","1900",,"4",,,,788,,,45,,,900,
,10,,,,,,,,,,1,,"CommonOre","2000",,"4",,,,817,,,49,,,1000,
,11,,,,,,,,,,1,,"CommonOre; RareOre; EpicOre","2100;400;20",,"4",,,,845,,,53,,,1100,
,12,,,,,,,,,,1,,"CommonOre","2200",,"5",,,,874,,,57,,,1200,
,13,,,,,,,,,,3,,"CommonOre","2300",,"5",,,,903,,,61,,,1300,
,14,,,,,,,,,,3,,"CommonOre; RareOre; EpicOre","2400;600;30",,"5",,,,932,,,65,,,1400,
,15,,,,,,,,,,3,,"CommonOre","2500",,"6",,,,960,,,69,,,1900,
,16,,,,,,,,,,5,,"CommonOre","2600",,"6",,,,989,,,73,,,2000,
,17,,,,,,,,,,5,,"CommonOre; RareOre; EpicOre","2700;600;50",,"6",,,,1018,,,77,,,2100,
,18,,,,,,,,,,5,,"CommonOre","2800",,"7",,,,1047,,,81,,,2600,
,19,,,,,,,,,,7,,"CommonOre","2900",,"7",,,,1107,,,85,,,2700,
,20,,,,,,,,,,7,,"CommonOre; RareOre; EpicOre","3000;600;100",,"7",,,,1139,,,90,,,2800,
,21,,,,,,,,,,7,,"CommonOre","3100",,"8",,,,1171,,,95,,,3300,
,22,,,,,,,,,,8,,"CommonOre","3200",,"8",,,,1205,,,100,,,3400,
,23,,,,,,,,,,8,,"CommonOre; RareOre; EpicOre","3300;600;120",,"8",,,,1239,,,105,,,3500,
,24,,,,,,,,,,8,,"CommonOre","3400",,"9",,,,1273,,,110,,,4000,
,25,,,,,,,,,,9,,"CommonOre","3500",,"9",,,,1309,,,115,,,4100,
,26,,,,,,,,,,9,,"CommonOre; RareOre; EpicOre","3600;600;150",,"9",,,,1345,,,120,,,4200,
,27,,,,,,,,,,9,,,,,"10",,,,1381,,,125,,,4700,
"Frost Charm",1,"sc/ui.sc","icon_gear_RC_FrostShuriken","TID_GEAR_FROST_CHARM","TID_GEAR_INFO_FROST_CHARM",,"Royal Champion;","EPIC","TRUE",,1,1,"CommonOre","120","FrostBlast","1",,,,50,,,,"GearFrostCharm",,100,
,2,,,,,,,,,,1,,"CommonOre; RareOre","240;20",,"1",,,,75,,,,,,200,
,3,,,,,,,,,,1,,"CommonOre","400",,"2",,,,100,,,,,,300,
,4,,,,,,,,,,1,,"CommonOre","600",,"2",,,,125,,,,,,400,
,5,,,,,,,,,,1,,"CommonOre; RareOre","840;100",,"2",,,,150,,,,,,500,
,6,,,,,,,,,,1,,"CommonOre","1120",,"3",,,,175,,,,,,600,
,7,,,,,,,,,,1,,"CommonOre","1440",,"3",,,,200,,,,,,700,
,8,,,,,,,,,,1,,"CommonOre; RareOre; EpicOre","1800;200;10",,"3",,,,225,,,,,,800,
,9,,,,,,,,,,1,,"CommonOre","1900",,"4",,,,250,,,,,,900,
,10,,,,,,,,,,1,,"CommonOre","2000",,"4",,,,275,,,,,,1000,
,11,,,,,,,,,,1,,"CommonOre; RareOre; EpicOre","2100;400;20",,"4",,,,300,,,,,,1100,
,12,,,,,,,,,,1,,"CommonOre","2200",,"5",,,,325,,,,,,1200,
,13,,,,,,,,,,3,,"CommonOre","2300",,"5",,,,350,,,,,,1300,
,14,,,,,,,,,,3,,"CommonOre; RareOre; EpicOre","2400;600;30",,"5",,,,375,,,,,,1400,
,15,,,,,,,,,,3,,"CommonOre","2500",,"6",,,,400,,,,,,1900,
,16,,,,,,,,,,5,,"CommonOre","2600",,"6",,,,425,,,,,,2000,
,17,,,,,,,,,,5,,"CommonOre; RareOre; EpicOre","2700;600;50",,"6",,,,450,,,,,,2100,
,18,,,,,,,,,,5,,"CommonOre","2800",,"7",,,,475,,,,,,2600,
,19,,,,,,,,,,7,,"CommonOre","2900",,"7",,,,500,,,,,,2700,
,20,,,,,,,,,,7,,"CommonOre; RareOre; EpicOre","3000;600;100",,"7",,,,525,,,,,,2800,
,21,,,,,,,,,,7,,"CommonOre","3100",,"8",,,,550,,,,,,3300,
,22,,,,,,,,,,8,,"CommonOre","3200",,"8",,,,575,,,,,,3400,
,23,,,,,,,,,,8,,"CommonOre; RareOre; EpicOre","3300;600;120",,"8",,,,600,,,,,,3500,
,24,,,,,,,,,,8,,"CommonOre","3400",,"9",,,,625,,,,,,4000,
,25,,,,,,,,,,9,,"CommonOre","3500",,"9",,,,650,,,,,,4100,
,26,,,,,,,,,,9,,"CommonOre; RareOre; EpicOre","3600;600;150",,"9",,,,675,,,,,,4200,
,27,,,,,,,,,,9,,,,,"10",,,,700,,,,,,4700,
"Stick Horse",1,"sc/ui.sc","icon_gear_BK_StickFireHorse","TID_GEAR_TITLE_STICK_HORSE","TID_GEAR_INFO_STICK_HORSE",,"Barbarian King;","EPIC","TRUE",,1,1,"CommonOre","120","StickHorseBoost","1",,,,311,,,35,"GearStickHorse",,100,
,2,,,,,,,,,,1,,"CommonOre; RareOre","240;20",,"1",,,,482,,,38,,,200,
,3,,,,,,,,,,1,,"CommonOre","400",,"2",,,,653,,,42,,,300,
,4,,,,,,,,,,1,,"CommonOre","600",,"2",,,,824,,,45,,,400,
,5,,,,,,,,,,1,,"CommonOre; RareOre","840;100",,"2",,,,994,,,49,,,500,
,6,,,,,,,,,,1,,"CommonOre","1120",,"3",,,,1165,,,52,,,600,
,7,,,,,,,,,,1,,"CommonOre","1440",,"3",,,,1336,,,55,,,700,
,8,,,,,,,,,,1,,"CommonOre; RareOre; EpicOre","1800;200;10",,"3",,,,1507,,,58,,,800,
,9,,,,,,,,,,1,,"CommonOre","1900",,"4",,,,1678,,,65,,,900,
,10,,,,,,,,,,1,,"CommonOre","2000",,"4",,,,1849,,,76,,,1000,
,11,,,,,,,,,,1,,"CommonOre; RareOre; EpicOre","2100;400;20",,"4",,,,2020,,,88,,,1100,
,12,,,,,,,,,,1,,"CommonOre","2200",,"5",,,,2191,,,101,,,1200,
,13,,,,,,,,,,3,,"CommonOre","2300",,"5",,,,2361,,,112,,,1300,
,14,,,,,,,,,,3,,"CommonOre; RareOre; EpicOre","2400;600;30",,"5",,,,2532,,,124,,,1400,
,15,,,,,,,,,,3,,"CommonOre","2500",,"6",,,,2703,,,135,,,1900,
,16,,,,,,,,,,5,,"CommonOre","2600",,"6",,,,2874,,,148,,,2000,
,17,,,,,,,,,,5,,"CommonOre; RareOre; EpicOre","2700;600;50",,"6",,,,3031,,,159,,,2100,
,18,,,,,,,,,,5,,"CommonOre","2800",,"7",,,,3189,,,171,,,2600,
,19,,,,,,,,,,7,,"CommonOre","2900",,"7",,,,3346,,,176,,,2700,
,20,,,,,,,,,,7,,"CommonOre; RareOre; EpicOre","3000;600;100",,"7",,,,3504,,,182,,,2800,
,21,,,,,,,,,,7,,"CommonOre","3100",,"8",,,,3661,,,188,,,3300,
,22,,,,,,,,,,8,,"CommonOre","3200",,"8",,,,3819,,,194,,,3400,
,23,,,,,,,,,,8,,"CommonOre; RareOre; EpicOre","3300;600;120",,"8",,,,3976,,,199,,,3500,
,24,,,,,,,,,,8,,"CommonOre","3400",,"9",,,,4134,,,205,,,4000,
,25,,,,,,,,,,9,,"CommonOre","3500",,"9",,,,4291,,,211,,,4100,
,26,,,,,,,,,,9,,"CommonOre; RareOre; EpicOre","3600;600;150",,"9",,,,4449,,,217,,,4200,
,27,,,,,,,,,,9,,,,,"10",,,,4606,,,222,,,4700,
"Fire Heart",1,"sc/ui.sc","icon_gear_DD_FireHeart","TID_GEAR_TITLE_FIRE_HEART","TID_GEAR_INFO_FIRE_HEART",,"Dragon Duke;","COMMON",,,1,1,"CommonOre","120","DragonCrownExplodeOnDeath","1","DragonCrownRegeneration","1",,900,,,10,"GearDragonCrown",0,100,"RepairPerSecond;HitPoints;SelfSpellDamage;DamagePerSecond"
,2,,,,,,,,,,1,,"CommonOre; RareOre","240;20",,"1",,"1",,1200,,,10,,,200,
,3,,,,,,,,,,1,,"CommonOre","400",,"2",,"2",,1450,,,12,,,300,
,4,,,,,,,,,,1,,"CommonOre","600",,"2",,"2",,1750,,,12,,,400,
,5,,,,,,,,,,1,,"CommonOre; RareOre","840;100",,"2",,"2",,2000,,,12,,,500,
,6,,,,,,,,,,1,,"CommonOre","1120",,"3",,"3",,2300,,,14,,,600,
,7,,,,,,,,,,1,,"CommonOre","1440",,"3",,"3",,2600,,,14,,,700,
,8,,,,,,,,,,1,,"CommonOre; RareOre","1800;200",,"3",,"3",,2850,,,14,,,800,
,9,,,,,,,,,,1,,"CommonOre","1900",,"4",,"4",,3150,,,16,,,900,
,10,,,,,,,,,,3,,"CommonOre","2000",,"4",,"4",,3400,,,16,,,1000,
,11,,,,,,,,,,3,,"CommonOre; RareOre","2100;400",,"4",,"4",,3700,,,16,,,1100,
,12,,,,,,,,,,3,,"CommonOre","2200",,"5",,"5",,4000,,,18,,,1200,
,13,,,,,,,,,,5,,"CommonOre","2300",,"5",,"5",,4250,,,18,,,1300,
,14,,,,,,,,,,5,,"CommonOre; RareOre","2400;600",,"5",,"5",,4550,,,18,,,1400,
,15,,,,,,,,,,5,,"CommonOre","2500",,"6",,"6",,4800,,,20,,,1900,
,16,,,,,,,,,,7,,"CommonOre","2600",,"6",,"6",,5100,,,20,,,2000,
,17,,,,,,,,,,7,,"CommonOre; RareOre","2700;600",,"6",,"6",,5450,,,20,,,2100,
,18,,,,,,,,,,7,,,,,"7",,"7",,5600,,,23,,,2600,
"Rocket Backpack",1,"sc/ui.sc","icon_gear_DD_DeadlyDash","TID_GEAR_TITLE_DEADLY_DASH","TID_GEAR_INFO_DEADLY_DASH",,"Dragon Duke;","EPIC","TRUE",,1,1,"CommonOre","120","DragonDukeDeadlyDashMapCenter","1",,,,900,,,20,"GearDeadlyDash",300,100,"ActAsPenetratingDamage;HeroAbilityHealthBoost;DamagePerSecond;HitPoints"
,2,,,,,,,,,,1,,"CommonOre; RareOre","240;20",,"1",,,,988,,,23,,380,200,
,3,,,,,,,,,,1,,"CommonOre","400",,"2",,,,1077,,,26,,460,300,
,4,,,,,,,,,,1,,"CommonOre","600",,"2",,,,1165,,,29,,540,400,
,5,,,,,,,,,,1,,"CommonOre; RareOre","840;100",,"2",,,,1254,,,32,,620,500,
,6,,,,,,,,,,1,,"CommonOre","1120",,"3",,,,1342,,,35,,700,600,
,7,,,,,,,,,,1,,"CommonOre","1440",,"3",,,,1431,,,38,,780,700,
,8,,,,,,,,,,1,,"CommonOre; RareOre; EpicOre","1800;200;10",,"3",,,,1519,,,41,,860,800,
,9,,,,,,,,,,1,,"CommonOre","1900",,"4",,,,1608,,,44,,940,900,
,10,,,,,,,,,,1,,"CommonOre","2000",,"4",,,,1696,,,47,,1020,1000,
,11,,,,,,,,,,1,,"CommonOre; RareOre; EpicOre","2100;400;20",,"4",,,,1785,,,50,,1100,1100,
,12,,,,,,,,,,1,,"CommonOre","2200",,"5",,,,1873,,,53,,1180,1200,
,13,,,,,,,,,,3,,"CommonOre","2300",,"5",,,,1962,,,56,,1260,1300,
,14,,,,,,,,,,3,,"CommonOre; RareOre; EpicOre","2400;600;30",,"5",,,,2050,,,59,,1340,1400,
,15,,,,,,,,,,3,,"CommonOre","2500",,"6",,,,2139,,,62,,1420,1900,
,16,,,,,,,,,,5,,"CommonOre","2600",,"6",,,,2227,,,64,,1500,2000,
,17,,,,,,,,,,5,,"CommonOre; RareOre; EpicOre","2700;600;50",,"6",,,,2316,,,66,,1580,2100,
,18,,,,,,,,,,5,,"CommonOre","2800",,"7",,,,2404,,,68,,1660,2600,
,19,,,,,,,,,,7,,"CommonOre","2900",,"7",,,,2493,,,70,,1740,2700,
,20,,,,,,,,,,7,,"CommonOre; RareOre; EpicOre","3000;600;100",,"7",,,,2581,,,72,,1800,2800,
,21,,,,,,,,,,7,,"CommonOre","3100",,"8",,,,2670,,,74,,1860,3300,
,22,,,,,,,,,,8,,"CommonOre","3200",,"8",,,,2758,,,76,,1910,3400,
,23,,,,,,,,,,8,,"CommonOre; RareOre; EpicOre","3300;600;120",,"8",,,,2847,,,78,,1950,3500,
,24,,,,,,,,,,8,,"CommonOre","3400",,"9",,,,2935,,,80,,1975,4000,
,25,,,,,,,,,,9,,"CommonOre","3500",,"9",,,,3024,,,82,,1990,4100,
,26,,,,,,,,,,9,,"CommonOre; RareOre; EpicOre","3600;600;150",,"9",,,,3112,,,84,,1995,4200,
,27,,,,,,,,,,9,,,,,"10",,,,3200,,,86,,2000,4700,
"Deadly Dash2",1,"sc/ui.sc","icon_gear_DD_DeadlyDash","TID_GEAR_TITLE_DEADLY_DASH","TID_GEAR_INFO_DEADLY_DASH","TRUE","Dragon Duke;","EPIC","TRUE",,1,1,"CommonOre","120","DragonDukeDeadlyDashTownHall","1",,,,400,,,,,250,100,
"Deadly Dash3",1,"sc/ui.sc","icon_gear_DD_DeadlyDash","TID_GEAR_TITLE_DEADLY_DASH","TID_GEAR_INFO_DEADLY_DASH","TRUE","Dragon Duke;","EPIC","TRUE",,1,1,"CommonOre","120","DragonDukeDeadlyDashDirectionOfParent","1",,,,400,,,,,250,100,
"Stun Blaster",1,"sc/ui.sc","icon_gear_DD_StunBlast","TID_GEAR_TITLE_STUN_BLAST","TID_GEAR_INFO_STUN_BLAST",,"Dragon Duke;","COMMON",,,9,1,"CommonOre","120","DDBlastAbility","1",,,,450,,,40,"GearStunBlast",150,100,"DamagePerSecond;DamageRadius;SelfSpellDamage;StunTime;HeroAbilityHealthBoost;HitPoints"
,2,,,,,,,,,,9,,"CommonOre; RareOre","240;20",,"1",,,,650,,,43,,250,200,
,3,,,,,,,,,,9,,"CommonOre","400",,"2",,,,850,,,46,,350,300,
,4,,,,,,,,,,9,,"CommonOre","600",,"2",,,,1000,,,49,,450,400,
,5,,,,,,,,,,9,,"CommonOre; RareOre","840;100",,"2",,,,1150,,,52,,550,500,
,6,,,,,,,,,,9,,"CommonOre","1120",,"3",,,,1300,,,55,,650,600,
,7,,,,,,,,,,9,,"CommonOre","1440",,"3",,,,1450,,,58,,750,700,
,8,,,,,,,,,,9,,"CommonOre; RareOre","1800;200",,"3",,,,1600,,,61,,850,800,
,9,,,,,,,,,,9,,"CommonOre","1900",,"4",,,,1750,,,64,,950,900,
,10,,,,,,,,,,9,,"CommonOre","2000",,"4",,,,1900,,,67,,1050,1000,
,11,,,,,,,,,,9,,"CommonOre; RareOre","2100;400",,"4",,,,2000,,,70,,1100,1100,
,12,,,,,,,,,,9,,"CommonOre","2200",,"5",,,,2100,,,73,,1150,1200,
,13,,,,,,,,,,9,,"CommonOre","2300",,"5",,,,2200,,,76,,1180,1300,
,14,,,,,,,,,,9,,"CommonOre; RareOre","2400;600",,"5",,,,2275,,,79,,1210,1400,
,15,,,,,,,,,,9,,"CommonOre","2500",,"6",,,,2325,,,82,,1240,1900,
,16,,,,,,,,,,9,,"CommonOre","2600",,"6",,,,2375,,,85,,1270,2000,
,17,,,,,,,,,,9,,"CommonOre; RareOre","2700;600",,"6",,,,2400,,,88,,1290,2100,
,18,,,,,,,,,,9,,,,,"7",,,,2400,,,90,,1300,2600,
"Flame Blower",1,"sc/ui.sc","icon_gear_DD_FlameBreath","TID_GEAR_TITLE_FLAME_BREATH","TID_GEAR_INFO_FLAME_BREATH",,"Dragon Duke;","COMMON",,,1,1,"CommonOre","120","DD Flaming Sneeze","1",,,,500,,,,"GearFlameSneeze",150,100,"HeroAbilityHealthBoost;HitPoints;SelfSpellDamage"
,2,,,,,,,,,,1,,"CommonOre; RareOre","240;20",,"1",,,,700,,,,,250,200,
,3,,,,,,,,,,1,,"CommonOre","400",,"2",,,,900,,,,,350,300,
,4,,,,,,,,,,1,,"CommonOre","600",,"2",,,,1100,,,,,450,400,
,5,,,,,,,,,,1,,"CommonOre; RareOre","840;100",,"2",,,,1300,,,,,550,500,
,6,,,,,,,,,,1,,"CommonOre","1120",,"3",,,,1500,,,,,650,600,
,7,,,,,,,,,,1,,"CommonOre","1440",,"3",,,,1700,,,,,750,700,
,8,,,,,,,,,,1,,"CommonOre; RareOre","1800;200",,"3",,,,1850,,,,,850,800,
,9,,,,,,,,,,1,,"CommonOre","1900",,"4",,,,2000,,,,,950,900,
,10,,,,,,,,,,3,,"CommonOre","2000",,"4",,,,2150,,,,,1050,1000,
,11,,,,,,,,,,3,,"CommonOre; RareOre","2100;400",,"4",,,,2300,,,,,1150,1100,
,12,,,,,,,,,,3,,"CommonOre","2200",,"5",,,,2450,,,,,1250,1200,
,13,,,,,,,,,,5,,"CommonOre","2300",,"5",,,,2600,,,,,1300,1300,
,14,,,,,,,,,,5,,"CommonOre; RareOre","2400;600",,"5",,,,2750,,,,,1350,1400,
,15,,,,,,,,,,5,,"CommonOre","2500",,"6",,,,2900,,,,,1400,1900,
,16,,,,,,,,,,7,,"CommonOre","2600",,"6",,,,3000,,,,,1450,2000,
,17,,,,,,,,,,7,,"CommonOre; RareOre","2700;600",,"6",,,,3050,,,,,1500,2100,
,18,,,,,,,,,,7,,,,,"7",,,,3100,,,,,1500,2600,
"FlameAttack",1,"sc/ui.sc","icon_gear_GW_FireSack","TID_GEAR_TITLE_STUN_BLAST","TID_GEAR_INFO_STUN_BLAST","TRUE","Dragon Duke;","EPIC","TRUE",,1,1,"CommonOre","120","DD Flaming Attack","1",,,,400,,,,,250,100,
"ElectroAttack",1,"sc/ui.sc","icon_gear_DD_ElectroDentures","TID_GEAR_TITLE_ELECTRO_ATTACK","TID_GEAR_INFO_ELECTRO_ATTACK",,"Dragon Duke;","COMMON",,,10,1,"CommonOre","120","DD Electro Attack","1",,,,400,,,,"GearElectroAttack",,100,"HitPoints;NumberTargets;Damage"
,2,,,,,,,,,,10,,"CommonOre; RareOre","240;20",,"1",,,,650,,,,,,200,
,3,,,,,,,,,,10,,"CommonOre","400",,"2",,,,850,,,,,,300,
,4,,,,,,,,,,10,,"CommonOre","600",,"2",,,,1000,,,,,,400,
,5,,,,,,,,,,10,,"CommonOre; RareOre","840;100",,"2",,,,1150,,,,,,500,
,6,,,,,,,,,,10,,"CommonOre","1120",,"3",,,,1300,,,,,,600,
,7,,,,,,,,,,10,,"CommonOre","1440",,"3",,,,1450,,,,,,700,
,8,,,,,,,,,,10,,"CommonOre; RareOre","1800;200",,"3",,,,1600,,,,,,800,
,9,,,,,,,,,,10,,"CommonOre","1900",,"4",,,,1750,,,,,,900,
,10,,,,,,,,,,10,,"CommonOre","2000",,"4",,,,1900,,,,,,1000,
,11,,,,,,,,,,10,,"CommonOre; RareOre","2100;400",,"4",,,,2000,,,,,,1100,
,12,,,,,,,,,,10,,"CommonOre","2200",,"5",,,,2100,,,,,,1200,
,13,,,,,,,,,,10,,"CommonOre","2300",,"5",,,,2200,,,,,,1300,
,14,,,,,,,,,,10,,"CommonOre; RareOre","2400;600",,"5",,,,2275,,,,,,1400,
,15,,,,,,,,,,10,,"CommonOre","2500",,"6",,,,2325,,,,,,1900,
,16,,,,,,,,,,10,,"CommonOre","2600",,"6",,,,2375,,,,,,2000,
,17,,,,,,,,,,10,,"CommonOre; RareOre","2700;600",,"6",,,,2400,,,,,,2100,
,18,,,,,,,,,,10,,,,,"7",,,,2400,,,,,,2600,
